铁镐,1
土块,2
石块,3
铁阔剑,4
蘑菇,5
铁短剑,6
铁锤,7
火把,8
木材,9
铁斧,10
铁矿,11
铜矿,12
金矿,13
银矿,14
铜表,15
银表,16
金表,17
深度计,18
金锭,19
铜锭,20
银锭,21
铁锭,22
凝胶,23
木剑,24
木门,25
石墙,26
橡实,27
弱效治疗药水,28
生命水晶,29
土墙,30
玻璃瓶,31
木桌,32
熔炉,33
木椅,34
铁砧,35
工作台,36
护目镜,37
晶状体,38
木弓,39
木箭,40
烈焰箭,41
手里剑,42
可疑眼球,43
恶魔弓,44
暗夜战斧,45
魔光剑,46
邪箭,47
宝箱,48
再生手环,49
魔镜,50
小丑之箭,51
天使雕像,52
云朵瓶,53
赫尔墨斯靴,54
附魔回旋镖,55
魔矿,56
魔矿锭,57
心,58
腐化种子,59
魔菇,60
黑檀石块,61
草种子,62
向日葵,63
魔刺,64
星怒,65
净化粉,66
魔粉,67
腐肉,68
蠕虫毒牙,69
蠕虫诱饵,70
铜币,71
银币,72
金币,73
铂金币,74
坠落之星,75
铜护胫,76
铁护胫,77
银护胫,78
金护胫,79
铜链甲,80
铁链甲,81
银链甲,82
金链甲,83
抓钩,84
链条,85
暗影鳞片,86
猪猪存钱罐,87
挖矿头盔,88
铜头盔,89
铁头盔,90
银头盔,91
金头盔,92
木墙,93
木平台,94
燧发枪,95
火枪,96
火枪子弹,97
迷你鲨,98
铁弓,99
暗影护胫,100
暗影鳞甲,101
暗影头盔,102
梦魇镐,103
魔锤,104
蜡烛,105
铜吊灯,106
银吊灯,107
金吊灯,108
魔力水晶,109
弱效魔力药水,110
星力手环,111
火之花,112
魔法导弹,113
土魔杖,114
暗影珠,115
陨石,116
陨石锭,117
爪钩,118
烈焰回旋镖,119
熔火之怒,120
炽焰巨剑,121
熔岩镐,122
流星头盔,123
流星护甲,124
流星护腿,125
水瓶,126
太空枪,127
火箭靴,128
灰砖,129
灰砖墙,130
红砖,131
红砖墙,132
粘土块,133
蓝砖,134
蓝砖墙,135
挂链灯笼,136
绿砖,137
绿砖墙,138
粉砖,139
粉砖墙,140
金砖,141
金砖墙,142
银砖,143
银砖墙,144
铜砖,145
铜砖墙,146
尖刺,147
水蜡烛,148
书,149
蛛网,150
死灵头盔,151
死灵胸甲,152
死灵护胫,153
骨头,154
村正,155
钴护盾,156
海蓝权杖,157
幸运马掌,158
闪亮红气球,159
鱼叉枪,160
尖球,161
链球,162
蓝月,163
手枪,164
水矢,165
炸弹,166
雷管,167
手榴弹,168
沙块,169
玻璃,170
标牌,171
灰烬块,172
黑曜石,173
狱石,174
狱石锭,175
泥块,176
蓝玉,177
红玉,178
翡翠,179
黄玉,180
紫晶,181
钻石,182
发光蘑菇,183
星星,184
常春藤鞭,185
芦苇呼吸管,186
脚蹼,187
治疗药水,188
魔力药水,189
草剑,190
荆棘旋刃,191
黑曜石砖,192
黑曜石骷髅头,193
蘑菇草种子,194
丛林草种子,195
木锤,196
星星炮,197
蓝陨石光剑,198
红陨石光剑,199
绿陨石光剑,200
紫陨石光剑,201
白陨石光剑,202
黄陨石光剑,203
流星锤斧,204
空桶,205
水桶,206
熔岩桶,207
丛林玫瑰,208
毒刺,209
藤蔓,210
猛爪手套,211
疾风脚镯,212
再生法杖,213
狱石砖,214
整蛊坐垫,215
脚镣,216
熔岩锤斧,217
烈焰火鞭,218
凤凰爆破枪,219
阳炎之怒,220
地狱熔炉,221
粘土盆,222
大自然的恩赐,223
床,224
丝绸,225
弱效恢复药水,226
恢复药水,227
丛林帽,228
丛林衣,229
丛林裤,230
熔岩头盔,231
熔岩胸甲,232
熔岩护胫,233
流星弹,234
粘性炸弹,235
黑晶状体,236
墨镜,237
巫师帽,238
高顶礼帽,239
西装衣,240
西装裤,241
夏日草帽,242
兔兔兜帽,243
管道工帽,244
管道工衣,245
管道工背带裤,246
英雄帽,247
英雄衣,248
英雄裤,249
鱼缸,250
考古帽,251
考古夹克,252
考古裤,253
黑线,254
绿线,255
忍者兜帽,256
忍者衣,257
忍者裤,258
皮革,259
红帽,260
金鱼,261
长袍,262
机器人帽,263
金冠,264
狱炎箭,265
沙枪,266
向导巫毒娃娃,267
潜水头盔,268
便装衣,269
便装裤,270
便装假发,271
恶魔锄刀,272
永夜刃,273
暗黑长枪,274
珊瑚,275
仙人掌,276
三叉戟,277
银子弹,278
投刀,279
长矛,280
吹管,281
荧光棒,282
种子,283
木制回旋镖,284
金属带扣,285
粘性荧光棒,286
毒刀,287
黑曜石皮药水,288
再生药水,289
敏捷药水,290
鱼鳃药水,291
铁皮药水,292
魔力再生药水,293
魔能药水,294
羽落药水,295
洞穴探险药水,296
隐身药水,297
光芒药水,298
夜猫子药水,299
战斗药水,300
荆棘药水,301
水上漂药水,302
箭术药水,303
狩猎药水,304
重力药水,305
金箱,306
太阳花种子,307
月光草种子,308
闪耀根种子,309
死亡草种子,310
幌菊种子,311
火焰花种子,312
太阳花,313
月光草,314
闪耀根,315
死亡草,316
幌菊,317
火焰花,318
鲨鱼鳍,319
羽毛,320
墓石,321
丑角面具,322
蚁狮上颚,323
非法枪械部件,324
博士衣,325
博士裤,326
金钥匙,327
暗影箱,328
暗影钥匙,329
黑曜石砖墙,330
丛林孢子,331
织布机,332
钢琴,333
梳妆台,334
长椅,335
浴缸,336
红旗,337
绿旗,338
蓝旗,339
黄旗,340
灯柱,341
提基火把,342
桶,343
中式灯笼,344
烹饪锅,345
保险箱,346
骷髅头灯笼,347
垃圾桶,348
烛台,349
粉花瓶,350
玻璃杯,351
酒桶,352
麦芽酒,353
书架,354
王座,355
碗,356
鱼菇汤,357
马桶,358
落地大摆钟,359
盔甲雕像,360
哥布林战旗,361
破布,362
锯木机,363
钴矿,364
秘银矿,365
精金矿,366
神锤,367
断钢剑,368
圣种,369
黑檀沙块,370
钴帽,371
钴头盔,372
钴面具,373
钴胸甲,374
钴护腿,375
秘银兜帽,376
秘银头盔,377
秘银帽,378
秘银链甲,379
秘银护胫,380
钴锭,381
秘银锭,382
钴链锯,383
秘银链锯,384
钴钻头,385
秘银钻头,386
精金链锯,387
精金钻头,388
太极连枷,389
秘银长戟,390
精金锭,391
玻璃墙,392
罗盘,393
潜水装备,394
全球定位系统,395
黑曜石马掌,396
黑曜石护盾,397
工匠作坊,398
云朵气球,399
精金头饰,400
精金头盔,401
精金面具,402
精金胸甲,403
精金护腿,404
幽灵靴,405
精金关刀,406
工具腰带,407
珍珠沙块,408
珍珠石块,409
挖矿衣,410
挖矿裤,411
珍珠石砖,412
荧光砖,413
泥石砖,414
钴砖,415
秘银砖,416
珍珠石砖墙,417
荧光砖墙,418
泥石砖墙,419
钴砖墙,420
秘银砖墙,421
圣水,422
邪水,423
泥沙块,424
仙灵铃铛,425
毁灭刃,426
蓝火把,427
红火把,428
绿火把,429
紫火把,430
白火把,431
黄火把,432
恶魔火把,433
发条式突击步枪,434
钴连弩,435
秘银连弩,436
双钩,437
星星雕像,438
宝剑雕像,439
史莱姆雕像,440
哥布林雕像,441
护盾雕像,442
蝙蝠雕像,443
金鱼雕像,444
兔兔雕像,445
骷髅雕像,446
死神雕像,447
女人雕像,448
小鬼雕像,449
石像鬼雕像,450
幽冥雕像,451
黄蜂雕像,452
炸弹雕像,453
螃蟹雕像,454
战锤雕像,455
药水雕像,456
长矛雕像,457
十字架雕像,458
水母雕像,459
弓雕像,460
回旋镖雕像,461
靴子雕像,462
宝箱雕像,463
小鸟雕像,464
战斧雕像,465
腐化雕像,466
树木雕像,467
砧雕像,468
镐雕像,469
蘑菇雕像,470
魔眼雕像,471
石柱雕像,472
心形雕像,473
陶罐雕像,474
向日葵雕像,475
国王雕像,476
女王雕像,477
食人鱼雕像,478
板条墙,479
木梁,480
精金连弩,481
精金剑,482
钴剑,483
秘银剑,484
月光护身符,485
标尺,486
水晶球,487
迪斯科球,488
巫士徽章,489
战士徽章,490
游侠徽章,491
恶魔之翼,492
天使之翼,493
魔法竖琴,494
彩虹魔杖,495
冰雪魔杖,496
海神贝壳,497
人体模型,498
强效治疗药水,499
强效魔力药水,500
妖精尘,501
水晶碎块,502
小丑帽,503
小丑衣,504
小丑裤,505
火焰喷射器,506
铃铛,507
竖琴,508
红扳手,509
钢丝钳,510
通电石块,511
未通电石块,512
控制杆,513
激光步枪,514
水晶子弹,515
圣箭,516
魔法飞刀,517
水晶风暴,518
诅咒焰,519
光明之魂,520
暗影之魂,521
诅咒焰,522
诅咒火把,523
精金熔炉,524
秘银砧,525
独角兽角,526
暗黑碎块,527
光明碎块,528
红压力板,529
电线,530
魔法书,531
星星斗篷,532
巨兽鲨,533
霰弹枪,534
点金石,535
泰坦手套,536
钴薙刀,537
开关,538
飞镖机关,539
巨石,540
绿压力板,541
灰压力板,542
棕压力板,543
机械魔眼,544
诅咒箭,545
诅咒弹,546
恐惧之魂,547
力量之魂,548
视域之魂,549
永恒之枪,550
神圣板甲,551
神圣护胫,552
神圣头盔,553
十字项链,554
魔力花,555
机械蠕虫,556
机械骷髅头,557
神圣头饰,558
神圣面具,559
史莱姆王冠,560
光辉飞盘,561
八音盒（地表世界）,562
八音盒（恐惧）,563
八音盒（夜间）,564
八音盒（标题）,565
八音盒（地下）,566
八音盒（Boss 1）,567
八音盒（丛林）,568
八音盒（腐化之地）,569
八音盒（地下腐化之地）,570
八音盒（神圣之地）,571
八音盒（Boss 2）,572
八音盒（地下神圣之地）,573
八音盒（Boss 3）,574
飞翔之魂,575
八音盒,576
魔矿砖,577
神圣连弩,578
斧钻,579
炸药,580
入水泵,581
出水泵,582
1秒计时器,583
3秒计时器,584
5秒计时器,585
糖棒块,586
糖棒墙,587
圣诞帽,588
圣诞衣,589
圣诞裤,590
绿糖棒块,591
绿糖棒墙,592
雪块,593
雪砖,594
雪砖墙,595
蓝灯,596
红灯,597
绿灯,598
蓝礼物,599
绿礼物,600
黄礼物,601
水晶雪球,602
胡萝卜,603
精金梁,604
精金梁墙,605
魔矿砖墙,606
沙岩砖,607
沙岩砖墙,608
黑檀石砖,609
黑檀石砖墙,610
红泥灰,611
黄泥灰,612
绿泥灰,613
灰泥灰,614
红泥灰墙,615
黄泥灰墙,616
绿泥灰墙,617
灰泥灰墙,618
乌木,619
红木,620
珍珠木,621
乌木墙,622
红木墙,623
珍珠木墙,624
乌木箱,625
红木箱,626
珍珠木箱,627
乌木椅,628
红木椅,629
珍珠木椅,630
乌木平台,631
红木平台,632
珍珠木平台,633
骨头平台,634
乌木工作台,635
红木工作台,636
珍珠木工作台,637
乌木桌,638
红木桌,639
珍珠木桌,640
乌木钢琴,641
红木钢琴,642
珍珠木钢琴,643
乌木床,644
红木床,645
珍珠木床,646
乌木梳妆台,647
红木梳妆台,648
珍珠木梳妆台,649
乌木门,650
红木门,651
珍珠木门,652
乌木剑,653
乌木锤,654
乌木弓,655
红木剑,656
红木锤,657
红木弓,658
珍珠木剑,659
珍珠木锤,660
珍珠木弓,661
彩虹砖,662
彩虹砖墙,663
冰雪块,664
Red的翅膀,665
Red的头盔,666
Red的胸甲,667
Red的护腿,668
鱼,669
冰雪回旋镖,670
钥匙剑,671
短弯刀,672
针叶木工作台,673
原版断钢剑,674
原版永夜刃,675
寒霜剑,676
针叶木桌,677
红药水,678
战术霰弹枪,679
常春藤箱,680
冰冻箱,681
骸骨弓,682
邪恶三叉戟,683
寒霜头盔,684
寒霜胸甲,685
寒霜护腿,686
锡头盔,687
锡链甲,688
锡护胫,689
铅头盔,690
铅链甲,691
铅护胫,692
钨头盔,693
钨链甲,694
钨护胫,695
铂金头盔,696
铂金链甲,697
铂金护胫,698
锡矿,699
铅矿,700
钨矿,701
铂金矿,702
锡锭,703
铅锭,704
钨锭,705
铂金锭,706
锡表,707
钨表,708
铂金表,709
锡吊灯,710
钨吊灯,711
铂金吊灯,712
铂金蜡烛,713
铂金烛台,714
铂金冠,715
铅砧,716
锡砖,717
钨砖,718
铂金砖,719
锡砖墙,720
钨砖墙,721
铂金砖墙,722
光束剑,723
冰雪刃,724
冰雪弓,725
寒霜法杖,726
木头盔,727
木胸甲,728
木护胫,729
乌木头盔,730
乌木胸甲,731
乌木护胫,732
红木头盔,733
红木胸甲,734
红木护胫,735
珍珠木头盔,736
珍珠木胸甲,737
珍珠木护胫,738
紫晶法杖,739
黄玉法杖,740
蓝玉法杖,741
翡翠法杖,742
红玉法杖,743
钻石法杖,744
草墙,745
丛林墙,746
花墙,747
喷气背包,748
蝴蝶之翼,749
仙人掌墙,750
云,751
云墙,752
海草,753
符文帽,754
符文长袍,755
蘑菇长矛,756
泰拉刃,757
榴弹发射器,758
火箭发射器,759
感应雷发射器,760
仙灵之翼,761
史莱姆块,762
血肉块,763
蘑菇墙,764
雨云,765
骨块,766
冰冻史莱姆块,767
骨块墙,768
史莱姆块墙,769
血肉块墙,770
初级火箭,771
二级火箭,772
三级火箭,773
四级火箭,774
沥青块,775
钴镐,776
秘银镐,777
精金镐,778
环境改造枪,779
绿溶液,780
蓝溶液,781
紫溶液,782
深蓝溶液,783
红溶液,784
鸟妖之翼,785
骨之翼,786
蘑菇锤,787
爆裂藤蔓,788
十字章旗,789
蛇旗,790
欧米茄旗,791
猩红头盔,792
猩红鳞甲,793
猩红护胫,794
血腥屠刀,795
肌腱弓,796
血肉锤,797
死亡使者镐,798
嗜血狂斧,799
夺命枪,800
血肉之球,801
腐叉,802
防雪兜帽,803
防雪大衣,804
防雪裤,805
生命木椅,806
仙人掌椅,807
骨头椅,808
血肉椅,809
蘑菇椅,810
骨头工作台,811
仙人掌工作台,812
血肉工作台,813
蘑菇工作台,814
史莱姆工作台,815
仙人掌门,816
血肉门,817
蘑菇门,818
生命木门,819
骨头门,820
烈焰之翼,821
冰冻之翼,822
幽灵之翼,823
日盘块,824
飞盘墙,825
天域椅,826
骨头桌,827
血肉桌,828
生命木桌,829
天域桌,830
生命木箱,831
生命木魔棒,832
紫冰雪块,833
粉冰雪块,834
红冰雪块,835
猩红石块,836
天域门,837
天域箱,838
蒸汽朋克帽,839
蒸汽朋克衣,840
蒸汽朋克裤,841
蜜蜂帽,842
蜜蜂衣,843
蜜蜂裤,844
世界旗,845
太阳旗,846
重力旗,847
法老面具,848
致动器,849
蓝扳手,850
绿扳手,851
蓝压力板,852
黄压力板,853
优惠卡,854
幸运币,855
棒棒独角兽,856
沙暴瓶,857
针叶木沙发,858
沙滩球,859
神话护身符,860
月亮贝壳,861
星星面纱,862
水上漂靴,863
头冠,864
公主裙,865
法老长袍,866
绿帽,867
蘑菇帽,868
苏格兰便帽,869
木乃伊面具,870
木乃伊衣,871
木乃伊裤,872
牛仔帽,873
牛仔夹克,874
牛仔裤,875
海盗帽,876
海盗衣,877
海盗裤,878
维京海盗头盔,879
猩红矿,880
仙人掌剑,881
仙人掌镐,882
冰雪砖,883
冰雪砖墙,884
粘性绷带,885
盔甲抛光剂,886
牛黄,887
蒙眼布,888
快走时钟,889
扩音器,890
邪眼,891
维生素,892
三折地图,893
仙人掌头盔,894
仙人掌胸甲,895
仙人掌护腿,896
强力手套,897
闪电靴,898
太阳石,899
月亮石,900
盔甲背带,901
药用绷带,902
计划书,903
反诅咒咒语,904
钱币枪,905
熔岩护身符,906
黑曜石水上漂靴,907
熔岩靴,908
纯净喷泉,909
沙漠喷泉,910
暗影木,911
暗影木门,912
暗影木平台,913
暗影木箱,914
暗影木椅,915
暗影木工作台,916
暗影木桌,917
暗影木梳妆台,918
暗影木钢琴,919
暗影木床,920
暗影木剑,921
暗影木锤,922
暗影木弓,923
暗影木头盔,924
暗影木胸甲,925
暗影木护胫,926
暗影木墙,927
大炮,928
炮弹,929
信号枪,930
照明弹,931
白骨魔棒,932
树叶魔棒,933
飞毯,934
复仇者徽章,935
机械手套,936
地雷,937
圣骑士护盾,938
蛛丝吊索,939
丛林喷泉,940
冰雪喷泉,941
腐化喷泉,942
猩红喷泉,943
神圣喷泉,944
血水喷泉,945
伞,946
叶绿矿,947
蒸汽朋克之翼,948
雪球,949
溜冰鞋,950
雪球发射器,951
蛛丝箱,952
攀爬爪,953
远古铁头盔,954
远古金头盔,955
远古暗影头盔,956
远古暗影鳞甲,957
远古暗影护胫,958
远古死灵头盔,959
远古钴头盔,960
远古钴胸甲,961
远古钴护腿,962
黑腰带,963
三发猎枪,964
绳,965
篝火,966
棉花糖,967
棒棒棉花糖,968
熟棉花糖,969
红火箭,970
绿火箭,971
蓝火箭,972
黄火箭,973
冰雪火把,974
鞋钉,975
猛虎攀爬装备,976
分趾厚底袜,977
粉色防雪兜帽,978
粉色防雪大衣,979
粉色防雪裤,980
粉线,981
魔力再生手环,982
沙暴气球,983
忍者大师装备,984
绳圈,985
吹箭筒,986
暴雪瓶,987
霜冻箭,988
附魔剑,989
镐斧,990
钴战斧,991
秘银战斧,992
精金战斧,993
吞噬怪骨头,994
搅拌机,995
绞肉机,996
提炼机,997
固化机,998
琥珀,999
彩纸枪,1000
叶绿面具,1001
叶绿头盔,1002
叶绿头饰,1003
叶绿板甲,1004
叶绿护胫,1005
叶绿锭,1006
红染料,1007
橙染料,1008
黄染料,1009
橙绿染料,1010
绿染料,1011
青绿染料,1012
青染料,1013
天蓝染料,1014
蓝染料,1015
紫染料,1016
蓝紫染料,1017
粉染料,1018
红黑染料,1019
橙黑染料,1020
黄黑染料,1021
橙绿黑染料,1022
绿黑染料,1023
青绿黑染料,1024
青黑染料,1025
天蓝黑染料,1026
蓝黑染料,1027
紫黑染料,1028
蓝紫黑染料,1029
粉黑染料,1030
红焰染料,1031
红焰黑染料,1032
绿焰染料,1033
绿焰黑染料,1034
蓝焰染料,1035
蓝焰黑染料,1036
银染料,1037
淡红染料,1038
淡橙染料,1039
淡黄染料,1040
淡橙绿染料,1041
淡绿染料,1042
淡青绿染料,1043
淡青染料,1044
淡天蓝染料,1045
淡蓝染料,1046
淡紫染料,1047
淡蓝紫染料,1048
淡粉染料,1049
黑染料,1050
红银染料,1051
橙银染料,1052
黄银染料,1053
橙绿银染料,1054
绿银染料,1055
青绿银染料,1056
青银染料,1057
天蓝银染料,1058
蓝银染料,1059
紫银染料,1060
蓝紫银染料,1061
粉银染料,1062
亮红焰染料,1063
亮绿焰染料,1064
亮蓝焰染料,1065
彩虹染料,1066
亮彩虹染料,1067
渐变黄染料,1068
渐变青染料,1069
渐变蓝紫染料,1070
漆刷,1071
涂漆滚刷,1072
红漆,1073
橙漆,1074
黄漆,1075
橙绿漆,1076
绿漆,1077
青绿漆,1078
青漆,1079
天蓝漆,1080
蓝漆,1081
紫漆,1082
蓝紫漆,1083
粉漆,1084
深红漆,1085
深橙漆,1086
深黄漆,1087
深橙绿漆,1088
深绿漆,1089
深青绿漆,1090
深青漆,1091
深天蓝漆,1092
深蓝漆,1093
深紫漆,1094
深蓝紫漆,1095
深粉漆,1096
黑漆,1097
白漆,1098
灰漆,1099
漆铲,1100
丛林蜥蜴砖,1101
丛林蜥蜴砖墙,1102
雪泥块,1103
钯金矿,1104
山铜矿,1105
钛金矿,1106
青绿蘑菇,1107
绿蘑菇,1108
天蓝花朵,1109
黄万寿菊,1110
蓝浆果,1111
橙绿海藻,1112
粉仙人球,1113
橙血根草,1114
红外壳,1115
青外壳,1116
蓝紫外壳,1117
紫黏液,1118
黑墨水,1119
染缸,1120
蜜蜂枪,1121
疯狂飞斧,1122
养蜂人,1123
蜂巢,1124
蜂蜜块,1125
蜂巢墙,1126
松脆蜂蜜块,1127
蜂蜜桶,1128
蜂巢魔棒,1129
蜜蜂手榴弹,1130
重力球,1131
蜂窝,1132
憎恶之蜂,1133
蜂蜜瓶,1134
雨帽,1135
雨衣,1136
丛林蜥蜴门,1137
地牢门,1138
铅门,1139
铁门,1140
神庙钥匙,1141
丛林蜥蜴箱,1142
丛林蜥蜴椅,1143
丛林蜥蜴桌,1144
丛林蜥蜴工作台,1145
超级飞镖机关,1146
烈焰机关,1147
尖球机关,1148
长矛机关,1149
木尖刺,1150
丛林蜥蜴压力板,1151
丛林蜥蜴雕像,1152
丛林蜥蜴看守人雕像,1153
丛林蜥蜴守卫雕像,1154
胡蜂枪,1155
食人鱼枪,1156
矮人法杖,1157
矮人项链,1158
提基面具,1159
提基衣,1160
提基裤,1161
叶之翼,1162
暴雪气球,1163
气球束,1164
蝙蝠之翼,1165
骨剑,1166
大力士甲虫,1167
烟雾弹,1168
骨头钥匙,1169
花蜜,1170
提基图腾,1171
蜥蜴蛋,1172
墓石碑,1173
十字墓石碑,1174
碑石,1175
墓碑,1176
方尖碑,1177
吹叶机,1178
叶绿弹,1179
鹦鹉饼干,1180
奇异发光蘑菇,1181
幼苗,1182
妖灵瓶,1183
钯金锭,1184
钯金剑,1185
钯金刺矛,1186
钯金连弩,1187
钯金镐,1188
钯金钻头,1189
钯金链锯,1190
山铜锭,1191
山铜剑,1192
山铜长戟,1193
山铜连弩,1194
山铜镐,1195
山铜钻头,1196
山铜链锯,1197
钛金锭,1198
钛金剑,1199
钛金三叉戟,1200
钛金连弩,1201
钛金镐,1202
钛金钻头,1203
钛金链锯,1204
钯金面具,1205
钯金头盔,1206
钯金头饰,1207
钯金胸甲,1208
钯金护腿,1209
山铜面具,1210
山铜头盔,1211
山铜头饰,1212
山铜胸甲,1213
山铜护腿,1214
钛金面具,1215
钛金头盔,1216
钛金头饰,1217
钛金胸甲,1218
钛金护腿,1219
山铜砧,1220
钛金熔炉,1221
钯金战斧,1222
山铜战斧,1223
钛金战斧,1224
神圣锭,1225
叶绿双刃刀,1226
叶绿军刀,1227
叶绿镋,1228
叶绿连弩,1229
叶绿镐,1230
叶绿钻头,1231
叶绿链锯,1232
叶绿巨斧,1233
叶绿战锤,1234
叶绿箭,1235
紫晶钩,1236
黄玉钩,1237
蓝玉钩,1238
翡翠钩,1239
红玉钩,1240
钻石钩,1241
蚊子琥珀,1242
伞帽,1243
雨云魔杖,1244
橙火把,1245
猩红沙块,1246
蜜蜂斗篷,1247
石巨人之眼,1248
蜂蜜气球,1249
蓝马掌气球,1250
白马掌气球,1251
黄马掌气球,1252
冰冻海龟壳,1253
狙击步枪,1254
维纳斯万能枪,1255
猩红魔杖,1256
猩红矿锭,1257
毒刺发射器,1258
花之力,1259
彩虹枪,1260
毒刺矢,1261
叶绿手提钻,1262
传送机,1263
寒霜之花,1264
乌兹冲锋枪,1265
磁球,1266
紫花窗玻璃,1267
黄花窗玻璃,1268
蓝花窗玻璃,1269
绿花窗玻璃,1270
红花窗玻璃,1271
五彩花窗玻璃,1272
骷髅王之手,1273
骷髅头,1274
巴拉帽,1275
黑帮帽,1276
水手帽,1277
眼罩,1278
水手衣,1279
水手裤,1280
骷髅王面具,1281
紫晶长袍,1282
黄玉长袍,1283
蓝玉长袍,1284
翡翠长袍,1285
红玉长袍,1286
钻石长袍,1287
白西装衣,1288
白西装裤,1289
恐慌项链,1290
生命果,1291
丛林蜥蜴祭坛,1292
丛林蜥蜴电池,1293
锯刃镐,1294
高温射线枪,1295
大地法杖,1296
石巨人之拳,1297
水中箱,1298
双筒望远镜,1299
步枪瞄准镜,1300
毁灭者徽章,1301
高射速子弹,1302
水母项链,1303
僵尸臂,1304
吉他斧,1305
冰雪镰刀,1306
服装商巫毒娃娃,1307
剧毒法杖,1308
史莱姆法杖,1309
毒镖,1310
弹簧眼,1311
玩具雪橇,1312
骷髅头法书,1313
致胜炮,1314
海盗地图,1315
海龟头盔,1316
海龟铠甲,1317
海龟护腿,1318
雪球炮,1319
骨镐,1320
魔法箭袋,1321
岩浆石,1322
黑曜石玫瑰,1323
香蕉回旋镖,1324
链刀,1325
混沌传送杖,1326
死神镰刀,1327
海龟壳,1328
组织样本,1329
椎骨,1330
血腥脊椎,1331
灵液,1332
灵液火把,1333
灵液箭,1334
灵液弹,1335
黄金雨,1336
兔兔炮,1337
爆炸兔,1338
小毒液瓶,1339
毒液瓶,1340
毒液箭,1341
毒液弹,1342
烈火手套,1343
齿轮,1344
彩纸,1345
纳米机器人,1346
爆炸粉,1347
金尘,1348
派对弹,1349
纳米弹,1350
爆破弹,1351
金子弹,1352
诅咒焰瓶,1353
烈火瓶,1354
金瓶,1355
灵液瓶,1356
纳米机器人瓶,1357
派对瓶,1358
毒药瓶,1359
克苏鲁之眼纪念章,1360
世界吞噬怪纪念章,1361
克苏鲁之脑纪念章,1362
骷髅王纪念章,1363
蜂王纪念章,1364
血肉墙纪念章,1365
毁灭者纪念章,1366
机械骷髅王纪念章,1367
激光眼纪念章,1368
魔焰眼纪念章,1369
世纪之花纪念章,1370
石巨人纪念章,1371
血月升空,1372
上吊的人,1373
烈火荣耀,1374
扭曲的骨头,1375
壁挂骷髅,1376
吊挂骷髅,1377
蓝板墙,1378
蓝瓷砖墙,1379
粉板墙,1380
粉瓷砖墙,1381
绿板墙,1382
绿瓷砖墙,1383
蓝砖平台,1384
粉砖平台,1385
绿砖平台,1386
金属架,1387
黄铜架,1388
木架,1389
黄铜灯笼,1390
笼式灯笼,1391
马车灯笼,1392
炼金灯笼,1393
魔教徒灯,1394
油布烛台,1395
蓝地牢椅,1396
蓝地牢桌,1397
蓝地牢工作台,1398
绿地牢椅,1399
绿地牢桌,1400
绿地牢工作台,1401
粉地牢椅,1402
粉地牢桌,1403
粉地牢工作台,1404
蓝地牢蜡烛,1405
绿地牢蜡烛,1406
粉地牢蜡烛,1407
蓝地牢花瓶,1408
绿地牢花瓶,1409
粉地牢花瓶,1410
蓝地牢门,1411
绿地牢门,1412
粉地牢门,1413
蓝地牢书架,1414
绿地牢书架,1415
粉地牢书架,1416
地下墓穴,1417
地牢架,1418
骷髅杰克,1419
被诅咒的人,1420
最后一眼,1421
恶魔注视,1422
苏醒的双子魔眼,1423
呐喊者,1424
哥布林打扑克牌,1425
树妖女,1426
向日葵,1427
泰拉哥特式,1428
小便帽,1429
灌注站,1430
星星瓶,1431
空心子弹,1432
碰撞,1433
鸟力驱动,1434
毁灭者,1435
眼睛的永恒,1436
独角兽穿越神圣之地,1437
浪里,1438
星空,1439
向导毕加索,1440
守卫凝视,1441
某人之父,1442
护士丽莎,1443
暗影束法杖,1444
狱火叉,1445
幽灵法杖,1446
木栅栏,1447
铅栅栏,1448
泡泡机,1449
泡泡魔棒,1450
骷髅行军旗,1451
死灵标旗,1452
锈蚀连队旗,1453
褴褛兄弟会旗,1454
熔火军团旗,1455
恶魔纹章旗,1456
黑曜石平台,1457
黑曜石门,1458
黑曜石椅,1459
黑曜石桌,1460
黑曜石工作台,1461
黑曜石花瓶,1462
黑曜石书架,1463
地狱之界旗,1464
地狱之锤旗,1465
地狱之塔旗,1466
绝望人旗,1467
黑曜石看守人旗,1468
熔岩喷液旗,1469
蓝地牢床,1470
绿地牢床,1471
粉地牢床,1472
黑曜石床,1473
沃尔多,1474
黑暗,1475
暗魂死神,1476
大地,1477
受困鬼魂,1478
恶魔眼,1479
淘金,1480
初次邂逅,1481
早安,1482
地下馈赠,1483
窗外,1484
云之上,1485
请勿践踏草坪,1486
冰雪寒溪,1487
阴暗幽谷,1488
浮华假象的大地,1489
黎明,1490
沙的秘密,1491
死地复生,1492
恶灵现世,1493
天空守卫,1494
美国爆炸式,1495
探索,1496
大地之手,1497
老矿工,1498
骨蛇之头,1499
直面幕后大脑,1500
火湖,1501
超级英雄三剑客,1502
幽灵兜帽,1503
幽灵长袍,1504
幽灵裤,1505
幽灵镐,1506
幽灵锤斧,1507
灵气,1508
哥特椅,1509
哥特桌,1510
哥特工作台,1511
哥特书架,1512
圣骑士锤,1513
特战头盔,1514
蜜蜂之翼,1515
巨型鸟妖之羽,1516
骨之羽,1517
火羽,1518
冰雪羽,1519
破蝙蝠之翼,1520
褴褛蜜蜂之翼,1521
大紫晶,1522
大黄玉,1523
大蓝玉,1524
大翡翠,1525
大红玉,1526
大钻石,1527
丛林箱,1528
腐化箱,1529
猩红箱,1530
神圣箱,1531
冰雪箱,1532
丛林钥匙,1533
腐化钥匙,1534
猩红钥匙,1535
神圣钥匙,1536
冰冻钥匙,1537
小鬼脸,1538
凶兆,1539
闪亮月亮,1540
血肉之躯,1541
岩浆漫流,1542
幽灵漆刷,1543
幽灵涂漆滚刷,1544
幽灵漆铲,1545
蘑菇矿头饰,1546
蘑菇矿面具,1547
蘑菇矿头盔,1548
蘑菇矿胸甲,1549
蘑菇矿护腿,1550
自动锤炼机,1551
蘑菇矿锭,1552
太空海豚机枪,1553
Cenx的头冠,1554
Cenx的胸甲,1555
Cenx的护腿,1556
Crowno的面具,1557
Crowno的胸甲,1558
Crowno的护腿,1559
Will的头盔,1560
Will的胸甲,1561
Will的护腿,1562
Jim的头盔,1563
Jim的胸甲,1564
Jim的护腿,1565
Aaron的头盔,1566
Aaron的胸甲,1567
Aaron的护腿,1568
吸血鬼刀,1569
断裂英雄剑,1570
腐化者之戟,1571
寒霜九头蛇法杖,1572
创造向导,1573
商人,1574
Crowno吞噬其餐,1575
罕见魔法,1576
荣耀之夜,1577
甜心项链,1578
疾风雪靴,1579
D-Town的头盔,1580
D-Town的胸甲,1581
D-Town的护腿,1582
D-Town的翅膀,1583
Will的翅膀,1584
Crowno的翅膀,1585
Cenx的翅膀,1586
Cenx的上衣,1587
Cenx的裤装,1588
钯金柱,1589
钯金柱墙,1590
泡泡糖块,1591
泡泡糖块墙,1592
钛石块,1593
钛石块墙,1594
魔法手铐,1595
八音盒（雪原）,1596
八音盒（太空夜晚）,1597
八音盒（猩红之地）,1598
八音盒（Boss 4）,1599
八音盒（地表世界备选曲）,1600
八音盒（雨）,1601
八音盒（冰雪）,1602
八音盒（沙漠）,1603
八音盒（海洋白天）,1604
八音盒（地牢）,1605
八音盒（世纪之花）,1606
八音盒（Boss 5）,1607
八音盒（神庙）,1608
八音盒（日食）,1609
八音盒（蘑菇）,1610
蝴蝶尘,1611
十字章护身符,1612
十字章护盾,1613
蓝照明弹,1614
琵琶鱼旗,1615
愤怒雨云怪旗,1616
歪尾真菌旗,1617
蚁狮旗,1618
巨骨舌鱼旗,1619
装甲骷髅旗,1620
洞穴蝙蝠旗,1621
鸟旗,1622
黑隐士旗,1623
嗜血怪旗,1624
血水母旗,1625
血爬虫旗,1626
骨蛇旗,1627
兔兔旗,1628
混沌精旗,1629
宝箱怪旗,1630
小丑旗,1631
腐化兔兔旗,1632
腐化金鱼旗,1633
螃蟹旗,1634
猩红喀迈拉旗,1635
猩红斧旗,1636
诅咒锤旗,1637
恶魔旗,1638
恶魔眼旗,1639
跳跳兽旗,1640
噬魂怪旗,1641
附魔剑旗,1642
冰冻僵尸旗,1643
脸怪旗,1644
恶心浮游怪旗,1645
飞鱼旗,1646
飞蛇旗,1647
科学怪人旗,1648
真菌球怪旗,1649
蘑菇鱼旗,1650
腹足怪旗,1651
哥布林盗贼旗,1652
哥布林巫士旗,1653
哥布林苦力旗,1654
哥布林侦察兵旗,1655
哥布林战士旗,1656
金鱼旗,1657
鸟妖旗,1658
地狱蝙蝠旗,1659
蹦蹦兽旗,1660
黄蜂旗,1661
冰雪精旗,1662
冰雪人鱼旗,1663
火焰小鬼旗,1664
蓝水母旗,1665
丛林蜘蛛旗,1666
丛林蜥蜴旗,1667
食人怪旗,1668
流星头旗,1669
飞蛾旗,1670
木乃伊旗,1671
蘑菇瓢虫旗,1672
鹦鹉旗,1673
猪龙旗,1674
食人鱼旗,1675
海盗水手旗,1676
妖精旗,1677
雨衣僵尸旗,1678
死神旗,1679
鲨鱼旗,1680
骷髅旗,1681
暗黑法师旗,1682
蓝史莱姆旗,1683
小雪怪旗,1684
爬墙蜘蛛旗,1685
孢子僵尸旗,1686
沼泽怪旗,1687
巨型陆龟旗,1688
毒泥旗,1689
雨伞史莱姆旗,1690
独角兽旗,1691
吸血鬼旗,1692
秃鹰旗,1693
宁芙旗,1694
狼人旗,1695
狼旗,1696
吞世怪旗,1697
蠕虫旗,1698
幻灵旗,1699
飞龙旗,1700
僵尸旗,1701
玻璃平台,1702
玻璃椅,1703
金椅,1704
金马桶,1705
高脚凳,1706
蜂蜜椅,1707
蒸汽朋克椅,1708
玻璃门,1709
金门,1710
蜂蜜门,1711
蒸汽朋克门,1712
玻璃桌,1713
宴会桌,1714
吧台,1715
金桌,1716
蜂蜜桌,1717
蒸汽朋克桌,1718
玻璃床,1719
金床,1720
蜂蜜床,1721
蒸汽朋克床,1722
生命木墙,1723
罐中臭屁,1724
南瓜,1725
南瓜墙,1726
干草,1727
干草墙,1728
阴森木,1729
阴森木墙,1730
南瓜头盔,1731
南瓜胸甲,1732
南瓜护腿,1733
焦糖苹果,1734
灵魂蛋糕,1735
护士帽,1736
护士衣,1737
护士裤,1738
巫师之帽,1739
盖伊·福克斯面具,1740
染料商长袍,1741
蒸汽朋克护目镜,1742
机器侠头盔,1743
机器侠衣,1744
机器侠裤,1745
苦力怕面具,1746
苦力怕衣,1747
苦力怕裤,1748
猫咪面具,1749
猫咪衣,1750
猫咪裤,1751
鬼魂面具,1752
鬼魂衣,1753
南瓜面具,1754
南瓜衣,1755
南瓜裤,1756
机器人面具,1757
机器人衣,1758
机器人裤,1759
独角兽面具,1760
独角兽衣,1761
独角兽裤,1762
吸血鬼面具,1763
吸血鬼衣,1764
吸血鬼裤,1765
女巫帽,1766
矮妖帽,1767
矮妖衣,1768
矮妖裤,1769
妖精衣,1770
妖精裤,1771
公主帽,1772
公主裙,1773
礼袋,1774
女巫服,1775
女巫靴,1776
科学怪人新娘面具,1777
科学怪人新娘服,1778
空手道陆龟面具,1779
空手道陆龟衣,1780
空手道陆龟裤,1781
玉米糖步枪,1782
玉米糖,1783
杰克南瓜灯发射器,1784
爆炸杰克南瓜灯,1785
镰刀,1786
南瓜派,1787
稻草人帽,1788
稻草人衣,1789
稻草人裤,1790
大锅,1791
南瓜椅,1792
南瓜门,1793
南瓜桌,1794
南瓜工作台,1795
南瓜平台,1796
褴褛仙灵之翼,1797
蜘蛛卵,1798
魔法南瓜子,1799
蝙蝠钩,1800
蝙蝠权杖,1801
乌鸦法杖,1802
丛林钥匙模具,1803
腐化钥匙模具,1804
猩红钥匙模具,1805
神圣钥匙模具,1806
冰冻钥匙模具,1807
杰克南瓜挂灯,1808
臭蛋,1809
霉运纱线,1810
黑色仙尘,1811
南瓜头吊灯,1812
杰克南瓜灯,1813
阴森椅,1814
阴森门,1815
阴森桌,1816
阴森工作台,1817
阴森木平台,1818
死神兜帽,1819
死神长袍,1820
狐狸面具,1821
狐狸衣,1822
狐狸裤,1823
猫耳,1824
血腥砍刀,1825
无头骑士剑,1826
利刃手套,1827
南瓜子,1828
阴森钩,1829
阴森之翼,1830
阴森嫩枝,1831
阴森头盔,1832
阴森胸甲,1833
阴森护腿,1834
尖桩发射器,1835
尖桩,1836
诅咒树苗,1837
太空生物面具,1838
太空生物衣,1839
太空生物裤,1840
狼面具,1841
狼衣,1842
狼裤,1843
南瓜月勋章,1844
死灵卷轴,1845
骷髅夜惊魂,1846
苦涩收获,1847
血月伯爵夫人,1848
万圣节前夕,1849
病态好奇心,1850
寻宝人衣,1851
寻宝人裤,1852
树妖遮体服,1853
树妖腰布,1854
哀木纪念章,1855
南瓜王纪念章,1856
杰克南瓜灯面具,1857
狙击镜,1858
红心灯笼,1859
水母潜水装备,1860
北极潜水装备,1861
霜花靴,1862
臭屁气球,1863
甲虫莎草纸,1864
天界石,1865
悬浮板,1866
糖棒,1867
蜜糖李,1868
礼物,1869
红莱德枪,1870
喜庆之翼,1871
松树块,1872
圣诞树,1873
星星礼帽1,1874
星星礼帽2,1875
星星礼帽3,1876
蝴蝶结礼帽,1877
白花环,1878
白红花环,1879
红花环,1880
红绿花环,1881
绿花环,1882
绿白花环,1883
五彩灯泡,1884
红灯泡,1885
黄灯泡,1886
绿灯泡,1887
红绿灯泡,1888
黄绿灯泡,1889
红黄灯泡,1890
白灯泡,1891
白红灯泡,1892
白黄灯泡,1893
白绿灯泡,1894
五彩串灯,1895
红串灯,1896
绿串灯,1897
蓝串灯,1898
黄串灯,1899
红黄串灯,1900
红绿串灯,1901
黄绿串灯,1902
蓝绿串灯,1903
红蓝串灯,1904
蓝黄串灯,1905
巨型蝴蝶结,1906
驯鹿角,1907
冬青树,1908
糖棒剑,1909
精灵熔枪,1910
圣诞布丁,1911
蛋酒,1912
星形茴香,1913
驯鹿铃铛,1914
糖棒钩,1915
圣诞钩,1916
糖棒镐,1917
水果蛋糕旋刃,1918
蜜糖饼干,1919
姜饼,1920
暖手宝,1921
煤,1922
工具箱,1923
松树门,1924
松树椅,1925
松树桌,1926
狗哨,1927
圣诞树剑,1928
链式机枪,1929
剃刀松,1930
暴雪法杖,1931
圣诞夫人帽,1932
圣诞夫人衣,1933
圣诞夫人高跟鞋,1934
派克兜帽,1935
派克大衣,1936
派克裤,1937
雪帽,1938
丑毛衣,1939
树面具,1940
树衣,1941
树干,1942
精灵帽,1943
精灵衣,1944
精灵裤,1945
雪人炮,1946
北极,1947
圣诞树壁纸,1948
装饰壁纸,1949
糖棒壁纸,1950
节日壁纸,1951
星星壁纸,1952
波浪条纹壁纸,1953
雪花壁纸,1954
坎卜斯犄角壁纸,1955
蓝绿壁纸,1956
格林奇手指壁纸,1957
调皮礼物,1958
格林奇宝宝的恶作剧口哨,1959
冰雪女王纪念章,1960
圣诞坦克纪念章,1961
常绿尖叫怪纪念章,1962
八音盒（南瓜月）,1963
八音盒（地下备选曲）,1964
八音盒（霜月）,1965
棕漆,1966
暗影漆,1967
反色漆,1968
团队染料,1969
紫晶晶莹宝石块,1970
黄玉晶莹宝石块,1971
蓝玉晶莹宝石块,1972
翡翠晶莹宝石块,1973
红玉晶莹宝石块,1974
钻石晶莹宝石块,1975
琥珀晶莹宝石块,1976
生命染发剂,1977
魔力染发剂,1978
深度染发剂,1979
钱币染发剂,1980
时间染发剂,1981
团队染发剂,1982
生物群落染发剂,1983
派对染发剂,1984
彩虹染发剂,1985
速度染发剂,1986
天使光环,1987
菲斯帽,1988
女性人体模型,1989
染发剂清除剂,1990
虫网,1991
萤火虫,1992
萤火虫瓶,1993
帝王蝶,1994
紫君王蝶,1995
红纹蝶,1996
尤利西斯蝶,1997
硫磺蝶,1998
树若虫蝴蝶,1999
斑纹燕尾蝶,2000
茱莉娅蝶,2001
蠕虫,2002
老鼠,2003
荧光虫,2004
荧光虫瓶,2005
蜗牛,2006
发光蜗牛,2007
别致灰壁纸,2008
浮冰壁纸,2009
音符壁纸,2010
紫雨壁纸,2011
彩虹壁纸,2012
烁石壁纸,2013
星光天堂壁纸,2014
鸟,2015
冠蓝鸦,2016
红雀,2017
松鼠,2018
兔兔,2019
仙人掌书架,2020
乌木书架,2021
血肉书架,2022
蜂蜜书架,2023
蒸汽朋克书架,2024
玻璃书架,2025
红木书架,2026
珍珠木书架,2027
阴森书架,2028
天域书架,2029
丛林蜥蜴书架,2030
冰冻书架,2031
仙人掌灯笼,2032
乌木灯笼,2033
血肉灯笼,2034
蜂蜜灯笼,2035
蒸汽朋克灯笼,2036
玻璃灯笼,2037
红木灯笼,2038
珍珠木灯笼,2039
冰冻灯笼,2040
丛林蜥蜴灯笼,2041
天域灯笼,2042
阴森灯笼,2043
冰冻门,2044
仙人掌蜡烛,2045
乌木蜡烛,2046
血肉蜡烛,2047
玻璃蜡烛,2048
冰冻蜡烛,2049
红木蜡烛,2050
珍珠木蜡烛,2051
丛林蜥蜴蜡烛,2052
天域蜡烛,2053
南瓜蜡烛,2054
仙人掌吊灯,2055
乌木吊灯,2056
血肉吊灯,2057
蜂蜜吊灯,2058
冰冻吊灯,2059
红木吊灯,2060
珍珠木吊灯,2061
丛林蜥蜴吊灯,2062
天域吊灯,2063
阴森吊灯,2064
玻璃吊灯,2065
仙人掌床,2066
血肉床,2067
冰冻床,2068
丛林蜥蜴床,2069
天域床,2070
阴森床,2071
仙人掌浴缸,2072
乌木浴缸,2073
血肉浴缸,2074
玻璃浴缸,2075
冰冻浴缸,2076
红木浴缸,2077
珍珠木浴缸,2078
丛林蜥蜴浴缸,2079
天域浴缸,2080
阴森浴缸,2081
仙人掌灯,2082
乌木灯,2083
血肉灯,2084
玻璃灯,2085
冰冻灯,2086
红木灯,2087
珍珠木灯,2088
丛林蜥蜴灯,2089
天域灯,2090
阴森灯,2091
仙人掌烛台,2092
乌木烛台,2093
血肉烛台,2094
蜂蜜烛台,2095
蒸汽朋克烛台,2096
玻璃烛台,2097
红木大烛台,2098
珍珠木烛台,2099
冰冻烛台,2100
丛林蜥蜴烛台,2101
天域烛台,2102
阴森大烛台,2103
克苏鲁之脑面具,2104
血肉墙面具,2105
双子魔眼面具,2106
机械骷髅王面具,2107
蜂王面具,2108
世纪之花面具,2109
石巨人面具,2110
世界吞噬怪面具,2111
克苏鲁之眼面具,2112
毁灭者面具,2113
铁匠架,2114
木工架,2115
头盔架,2116
长矛架,2117
剑架,2118
石板,2119
沙岩板,2120
青蛙,2121
野鸭,2122
鸭,2123
蜂蜜浴缸,2124
蒸汽朋克浴缸,2125
生命木浴缸,2126
暗影木浴缸,2127
骨头浴缸,2128
蜂蜜灯,2129
蒸汽朋克灯,2130
生命木灯,2131
暗影木灯,2132
金灯,2133
骨头灯,2134
生命木书架,2135
暗影木书架,2136
金书架,2137
骨头书架,2138
生命木床,2139
骨头床,2140
生命木吊灯,2141
暗影木吊灯,2142
金制吊灯,2143
骨头吊灯,2144
生命木灯笼,2145
暗影木灯笼,2146
金灯笼,2147
骨头灯笼,2148
生命木烛台,2149
暗影木烛台,2150
金烛台,2151
骨头烛台,2152
生命木蜡烛,2153
暗影木蜡烛,2154
金蜡烛,2155
黑蝎子,2156
蝎子,2157
泡泡壁纸,2158
铜管壁纸,2159
黄鸭壁纸,2160
寒霜核,2161
兔兔笼,2162
松鼠笼,2163
野鸭笼,2164
鸭笼,2165
鸟笼,2166
冠蓝鸦笼,2167
红雀笼,2168
瀑布墙,2169
熔岩瀑布墙,2170
猩红种子,2171
重型工作台,2172
铜护板,2173
蜗牛笼,2174
发光蜗牛笼,2175
蘑菇矿挖爪,2176
弹药箱,2177
帝王蝶罐,2178
紫君王蝶罐,2179
红纹蝶罐,2180
尤利西斯蝶罐,2181
硫磺蝶罐,2182
树若虫蝴蝶罐,2183
斑纹燕尾蝶罐,2184
茱莉娅蝶罐,2185
蝎子笼,2186
黑蝎子笼,2187
毒液法杖,2188
幽灵面具,2189
蛙笼,2190
老鼠笼,2191
骨头焊机,2192
血肉克隆台,2193
玻璃窑,2194
丛林蜥蜴熔炉,2195
生命木织机,2196
天磨,2197
冰雪机,2198
甲虫头盔,2199
甲虫铠甲,2200
甲虫壳,2201
甲虫护腿,2202
蒸汽朋克锅炉,2203
蜂蜜分配机,2204
企鹅,2205
企鹅笼,2206
蠕虫笼,2207
泰拉饲养笼,2208
超级魔力药水,2209
乌木栅栏,2210
红木栅栏,2211
珍珠木栅栏,2212
暗影木栅栏,2213
砌砖刀,2214
加长握爪,2215
喷漆器,2216
便携式水泥搅拌机,2217
甲虫外壳,2218
天界磁石,2219
天界徽章,2220
天界手铐,2221
商贩帽,2222
脉冲弓,2223
大王朝灯笼,2224
王朝灯,2225
王朝灯笼,2226
大王朝蜡烛,2227
王朝椅,2228
王朝工作台,2229
王朝箱,2230
王朝床,2231
王朝浴缸,2232
王朝书架,2233
王朝杯,2234
王朝碗,2235
王朝蜡烛,2236
王朝时钟,2237
金时钟,2238
玻璃时钟,2239
蜂蜜时钟,2240
蒸汽朋克时钟,2241
精致餐具,2242
玻璃碗,2243
葡萄酒杯,2244
生命木钢琴,2245
血肉钢琴,2246
冰冻钢琴,2247
冰冻桌,2248
蜂蜜箱,2249
蒸汽朋克箱,2250
蜂蜜工作台,2251
冰冻工作台,2252
蒸汽朋克工作台,2253
玻璃钢琴,2254
蜂蜜钢琴,2255
蒸汽朋克钢琴,2256
蜂蜜杯,2257
圣餐杯,2258
王朝桌,2259
王朝木,2260
红王朝瓦,2261
蓝王朝瓦,2262
白王朝墙,2263
蓝王朝墙,2264
王朝门,2265
清酒,2266
泰式炒面,2267
越南河粉,2268
左轮手枪,2269
鳄鱼机关枪,2270
奥术神符墙,2271
水枪,2272
武士刀,2273
超亮火把,2274
魔法帽,2275
钻石戒指,2276
稽古衣,2277
和服,2278
神秘长袍,2279
甲虫之翼,2280
虎皮,2281
豹皮,2282
斑马皮,2283
猩红斗篷,2284
神秘披风,2285
红披风,2286
冬季披风,2287
冰冻椅,2288
木钓竿,2289
鲈鱼,2290
强化钓竿,2291
玻璃钢钓竿,2292
灵魂钓手,2293
金钓竿,2294
机械师钓竿,2295
冤大头钓竿,2296
鳟鱼,2297
三文鱼,2298
大西洋鳕鱼,2299
金枪鱼,2300
红鲷鱼,2301
霓虹脂鲤,2302
装甲洞穴鱼,2303
雀鲷,2304
猩红虎鱼,2305
寒霜鲦鱼,2306
公主鱼,2307
金鲤鱼,2308
镜面鱼,2309
七彩矿鱼,2310
斑驳油鱼,2311
闪鳍锦鲤,2312
双鳍鳕鱼,2313
蜂蜜鱼,2314
黑曜石鱼,2315
虾,2316
混沌鱼,2317
黑檀锦鲤,2318
血腥食人鱼,2319
岩鱼锤,2320
臭味鱼,2321
挖矿药水,2322
拾心药水,2323
镇静药水,2324
建筑工药水,2325
泰坦药水,2326
脚蹼药水,2327
召唤药水,2328
危险感药水,2329
紫挥棒鱼,2330
黑曜石剑鱼,2331
剑鱼,2332
铁栅栏,2333
木匣,2334
铁匣,2335
金匣,2336
旧鞋,2337
海草,2338
锡罐,2339
矿车轨道,2340
掠夺鲨,2341
锯齿鲨,2342
矿车,2343
弹药储备药水,2344
生命力药水,2345
耐力药水,2346
暴怒药水,2347
狱火药水,2348
怒气药水,2349
回忆药水,2350
传送药水,2351
爱情药水,2352
臭味药水,2353
钓鱼药水,2354
声纳药水,2355
宝匣药水,2356
寒颤棘种子,2357
寒颤棘,2358
保暖药水,2359
鱼钩,2360
蜜蜂头饰,2361
蜜蜂胸甲,2362
蜜蜂护胫,2363
黄蜂法杖,2364
小鬼法杖,2365
蜘蛛女王法杖,2366
渔夫帽,2367
渔夫背心,2368
渔夫裤,2369
蜘蛛面具,2370
蜘蛛胸甲,2371
蜘蛛护胫,2372
优质钓鱼线,2373
渔夫耳环,2374
钓具箱,2375
蓝地牢钢琴,2376
绿地牢钢琴,2377
粉地牢钢琴,2378
金钢琴,2379
黑曜石钢琴,2380
骨头钢琴,2381
仙人掌钢琴,2382
阴森钢琴,2383
天域钢琴,2384
丛林蜥蜴钢琴,2385
蓝地牢梳妆台,2386
绿地牢梳妆台,2387
粉地牢梳妆台,2388
金梳妆台,2389
黑曜石梳妆台,2390
骨头梳妆台,2391
仙人掌梳妆台,2392
阴森梳妆台,2393
天域梳妆台,2394
蜂蜜梳妆台,2395
丛林蜥蜴梳妆台,2396
沙发,2397
乌木沙发,2398
红木沙发,2399
珍珠木沙发,2400
暗影木沙发,2401
蓝地牢沙发,2402
绿地牢沙发,2403
粉地牢沙发,2404
金沙发,2405
黑曜石沙发,2406
骨头沙发,2407
仙人掌沙发,2408
阴森沙发,2409
天域沙发,2410
蜂蜜沙发,2411
蒸汽朋克沙发,2412
蘑菇沙发,2413
玻璃沙发,2414
南瓜沙发,2415
丛林蜥蜴沙发,2416
贝壳发夹,2417
美人鱼饰品,2418
美人鱼鱼尾裤,2419
和风鱼,2420
捕肉手,2421
熔线钓钩,2422
蛙腿,2423
锚,2424
熟鱼,2425
熟虾,2426
生鱼片,2427
绒毛胡萝卜,2428
带鳞松露,2429
粘鞍,2430
蜂蜡,2431
铜护板墙,2432
石板墙,2433
船帆,2434
珊瑚石块,2435
蓝水母,2436
绿水母,2437
粉水母,2438
蓝水母罐,2439
绿水母罐,2440
粉水母罐,2441
救生圈,2442
舵轮,2443
罗盘针,2444
墙锚,2445
金鱼纪念章,2446
兔兔鱼纪念章,2447
剑鱼纪念章,2448
鲨牙纪念章,2449
蝙蝠鱼,2450
大黄蜂金枪鱼,2451
鲶鱼,2452
云鱼,2453
诅咒鱼,2454
土鱼,2455
雷管鱼,2456
浮游噬鱼,2457
坠落海星,2458
克苏鲁鱼,2459
骷髅王鱼,2460
鸟妖鱼,2461
饥饿鱼,2462
灵液鱼,2463
珠宝鱼,2464
幻象鱼,2465
突变雪怪鱼,2466
企鹅鱼,2467
妖精鱼,2468
蜘蛛鱼,2469
苔原鳟鱼,2470
独角兽鱼,2471
向导巫毒鱼,2472
飞龙尾,2473
僵尸鱼,2474
毒菌鱼,2475
天使鱼,2476
血腥战神,2477
骷髅鱼,2478
兔兔鱼,2479
金枪鱼须船长,2480
小丑鱼,2481
恶魔地狱鱼,2482
跳跳鱼,2483
猪龙鱼,2484
染病鞘鱼,2485
泥鱼,2486
史莱姆鱼,2487
热带梭鱼,2488
史莱姆王纪念章,2489
船舶瓶,2490
硬鞍,2491
压力板轨道,2492
史莱姆王面具,2493
鳍翼,2494
宝藏地图,2495
海草花盆,2496
海贼像素画,2497
鱼装面具,2498
鱼装衣,2499
鱼装鳍裙,2500
姜须,2501
涂蜜护目镜,2502
针叶木,2503
棕榈木,2504
针叶木墙,2505
棕榈木墙,2506
针叶木栅栏,2507
棕榈木栅栏,2508
针叶木头盔,2509
针叶木胸甲,2510
针叶木护胫,2511
棕榈木头盔,2512
棕榈木胸甲,2513
棕榈木护胫,2514
棕榈木弓,2515
棕榈木锤,2516
棕榈木剑,2517
棕榈木平台,2518
棕榈木浴缸,2519
棕榈木床,2520
棕榈木长椅,2521
棕榈木烛台,2522
棕榈木蜡烛,2523
棕榈木椅,2524
棕榈木吊灯,2525
棕榈木箱,2526
棕榈木沙发,2527
棕榈木门,2528
棕榈木梳妆台,2529
棕榈木灯笼,2530
棕榈木钢琴,2531
棕榈木桌,2532
棕榈木灯,2533
棕榈木工作台,2534
魔眼法杖,2535
棕榈木书架,2536
蘑菇浴缸,2537
蘑菇床,2538
蘑菇长椅,2539
蘑菇书架,2540
蘑菇烛台,2541
蘑菇蜡烛,2542
蘑菇吊灯,2543
蘑菇箱,2544
蘑菇梳妆台,2545
蘑菇灯笼,2546
蘑菇灯,2547
蘑菇钢琴,2548
蘑菇平台,2549
蘑菇桌,2550
蜘蛛法杖,2551
针叶木浴缸,2552
针叶木床,2553
针叶木书架,2554
针叶木烛台,2555
针叶木蜡烛,2556
针叶木椅,2557
针叶木吊灯,2558
针叶木箱,2559
针叶木时钟,2560
针叶木门,2561
针叶木梳妆台,2562
针叶木灯,2563
针叶木灯笼,2564
针叶木钢琴,2565
针叶木平台,2566
史莱姆浴缸,2567
史莱姆床,2568
史莱姆书架,2569
史莱姆烛台,2570
史莱姆蜡烛,2571
史莱姆椅,2572
史莱姆吊灯,2573
史莱姆箱,2574
史莱姆时钟,2575
史莱姆门,2576
史莱姆梳妆台,2577
史莱姆灯,2578
史莱姆灯笼,2579
史莱姆钢琴,2580
史莱姆平台,2581
史莱姆沙发,2582
史莱姆桌,2583
海盗法杖,2584
史莱姆钩,2585
粘性手榴弹,2586
塔塔酱,2587
猪龙鱼公爵面具,2588
猪龙鱼公爵纪念章,2589
莫洛托夫鸡尾酒,2590
骨头时钟,2591
仙人掌时钟,2592
乌木时钟,2593
冰冻时钟,2594
丛林蜥蜴时钟,2595
生命木时钟,2596
红木时钟,2597
血肉时钟,2598
蘑菇时钟,2599
黑曜石时钟,2600
棕榈木时钟,2601
珍珠木时钟,2602
南瓜时钟,2603
暗影木时钟,2604
阴森时钟,2605
天域时钟,2606
蜘蛛牙,2607
猎鹰刃,2608
猪龙鱼之翼,2609
史莱姆枪,2610
猪鲨链球,2611
绿地牢箱,2612
粉地牢箱,2613
蓝地牢箱,2614
骨箱,2615
仙人掌箱,2616
血肉箱,2617
黑曜石箱,2618
南瓜箱,2619
阴森箱,2620
暴风雨法杖,2621
利刃台风,2622
泡泡枪,2623
海啸,2624
贝壳,2625
海星,2626
蒸汽朋克平台,2627
天域平台,2628
生命木平台,2629
蜂蜜平台,2630
天域工作台,2631
玻璃工作台,2632
生命木工作台,2633
血肉沙发,2634
冰冻沙发,2635
生命木沙发,2636
南瓜梳妆台,2637
蒸汽朋克梳妆台,2638
玻璃梳妆台,2639
血肉梳妆台,2640
南瓜灯笼,2641
黑曜石灯笼,2642
南瓜灯,2643
黑曜石灯,2644
蓝地牢灯,2645
绿地牢灯,2646
粉地牢灯,2647
蜂蜜蜡烛,2648
蒸汽朋克蜡烛,2649
阴森蜡烛,2650
黑曜石蜡烛,2651
蓝地牢吊灯,2652
绿地牢吊灯,2653
粉地牢吊灯,2654
蒸汽朋克吊灯,2655
南瓜吊灯,2656
黑曜石吊灯,2657
蓝地牢浴缸,2658
绿地牢浴缸,2659
粉地牢浴缸,2660
南瓜浴缸,2661
黑曜石浴缸,2662
金浴缸,2663
蓝地牢烛台,2664
绿地牢烛台,2665
粉地牢烛台,2666
黑曜石烛台,2667
南瓜烛台,2668
南瓜床,2669
南瓜书架,2670
南瓜钢琴,2671
鲨鱼雕像,2672
松露虫,2673
学徒诱饵,2674
熟手诱饵,2675
大师诱饵,2676
琥珀晶莹宝石墙,2677
黯淡琥珀晶莹宝石墙,2678
紫晶晶莹宝石墙,2679
黯淡紫晶晶莹宝石墙,2680
钻石晶莹宝石墙,2681
黯淡钻石晶莹宝石墙,2682
翡翠晶莹宝石墙,2683
黯淡翡翠晶莹宝石墙,2684
红玉晶莹宝石墙,2685
黯淡红玉晶莹宝石墙,2686
蓝玉晶莹宝石墙,2687
黯淡蓝玉晶莹宝石墙,2688
黄玉晶莹宝石墙,2689
黯淡黄玉晶莹宝石墙,2690
锡护板墙,2691
锡护板,2692
瀑布块,2693
熔岩瀑布块,2694
彩纸块,2695
彩纸墙,2696
午夜彩纸块,2697
午夜彩纸墙,2698
武器架,2699
烟花盒,2700
活火块,2701
0字雕像,2702
1字雕像,2703
2字雕像,2704
3字雕像,2705
4字雕像,2706
5字雕像,2707
6字雕像,2708
7字雕像,2709
8字雕像,2710
9字雕像,2711
A字雕像,2712
B字雕像,2713
C字雕像,2714
D字雕像,2715
E字雕像,2716
F字雕像,2717
G字雕像,2718
H字雕像,2719
I字雕像,2720
J字雕像,2721
K字雕像,2722
L字雕像,2723
M字雕像,2724
N字雕像,2725
O字雕像,2726
P字雕像,2727
Q字雕像,2728
R字雕像,2729
S字雕像,2730
T字雕像,2731
U字雕像,2732
V字雕像,2733
W字雕像,2734
X字雕像,2735
Y字雕像,2736
Z字雕像,2737
烟花喷泉,2738
增速轨道,2739
蚱蜢,2740
蚱蜢笼,2741
八音盒（地下猩红之地）,2742
仙人掌桌,2743
仙人掌平台,2744
针叶木剑,2745
针叶木锤,2746
针叶木弓,2747
玻璃箱,2748
外星法杖,2749
流星法杖,2750
诅咒活火块,2751
恶魔活火块,2752
寒霜活火块,2753
灵液活火块,2754
超亮活火块,2755
变性药水,2756
星旋头盔,2757
星旋胸甲,2758
星旋护腿,2759
星云头盔,2760
星云胸甲,2761
星云护腿,2762
耀斑头盔,2763
耀斑胸甲,2764
耀斑护腿,2765
日耀碑牌碎片,2766
日耀碑牌,2767
钻头控制装置,2768
宇宙车钥匙,2769
蛾怪之翼,2770
扰脑器,2771
星旋斧,2772
星旋链锯,2773
星旋钻头,2774
星旋锤,2775
星旋镐,2776
星云斧,2777
星云链锯,2778
星云钻头,2779
星云锤,2780
星云镐,2781
耀斑斧,2782
耀斑链锯,2783
耀斑钻头,2784
耀斑锤,2785
耀斑镐,2786
蜂蜜瀑布块,2787
蜂蜜瀑布墙,2788
叶绿砖墙,2789
猩红矿砖墙,2790
蘑菇矿护板墙,2791
叶绿砖,2792
猩红矿砖,2793
蘑菇矿护板,2794
激光机枪,2795
电圈发射器,2796
外星霰弹枪,2797
激光钻头,2798
机械标尺,2799
反重力钩,2800
月亮面具,2801
太阳面具,2802
火星装面具,2803
火星装衣,2804
火星装裤,2805
火星制服头盔,2806
火星制服上衣,2807
火星制服裤,2808
火星占星钟,2809
火星浴缸,2810
火星床,2811
火星摇摆椅,2812
火星吊灯,2813
火星箱,2814
火星门,2815
火星梳妆台,2816
火星整体书架,2817
火星摇摆蜡烛,2818
火星灯柱,2819
火星灯笼,2820
火星钢琴,2821
火星平台,2822
火星沙发,2823
火星桌,2824
火星桌灯,2825
火星工作台,2826
木水槽,2827
乌木水槽,2828
红木水槽,2829
珍珠木水槽,2830
骨头水槽,2831
血肉水槽,2832
生命木水槽,2833
天域水槽,2834
暗影木水槽,2835
丛林蜥蜴水槽,2836
蓝地牢水槽,2837
绿地牢水槽,2838
粉地牢水槽,2839
黑曜石水槽,2840
金属水槽,2841
玻璃水槽,2842
金水槽,2843
蜂蜜水槽,2844
蒸汽朋克水槽,2845
南瓜水槽,2846
阴森水槽,2847
冰冻水槽,2848
王朝水槽,2849
棕榈木水槽,2850
蘑菇水槽,2851
针叶木水槽,2852
史莱姆水槽,2853
仙人掌水槽,2854
火星水槽,2855
日耀邪教徒兜帽,2856
月亮邪教徒兜帽,2857
日耀邪教徒长袍,2858
月亮邪教徒长袍,2859
火星管道护板,2860
火星管道墙,2861
高科技墨镜,2862
火星染发剂,2863
火星染料,2864
火星贝格城堡,2865
火娜丽莎,2866
真理就在火星,2867
烟雾块,2868
鲜艳红焰染料,2869
鲜艳彩虹染料,2870
暗影染料,2871
阴暗染料,2872
鲜艳海蓝染料,2873
棕染料,2874
棕黑染料,2875
淡棕染料,2876
棕银染料,2877
妖灵染料,2878
妖精染料,2879
波涌之刃,2880
Phasic Warp Ejector,2881
充能爆破炮,2882
叶绿染料,2883
独角妖灵染料,2884
地狱妖灵染料,2885
毒粉,2886
毒蘑菇,2887
蜂膝弓,2888
金鸟,2889
金兔,2890
金蝴蝶,2891
金蛙,2892
金蚱蜢,2893
金老鼠,2894
金蠕虫,2895
粘性雷管,2896
愤怒捕手旗,2897
装甲维京海盗旗,2898
黑史莱姆旗,2899
蓝装甲骷髅旗,2900
蓝邪教徒弓箭手旗,2901
拜月教忠教徒旗,2902
蓝邪教徒战士旗,2903
骷髅李小龙旗,2904
爬藤怪旗,2905
胭脂虫旗,2906
腐化企鹅旗,2907
腐化史莱姆旗,2908
腐化者旗,2909
猩红史莱姆旗,2910
诅咒骷髅头旗,2911
青壳虫旗,2912
吞噬怪旗,2913
魔教徒旗,2914
骷髅博士旗,2915
地牢史莱姆旗,2916
地牢幽魂旗,2917
精灵弓箭手旗,2918
精灵直升机旗,2919
眼怪旗,2920
雪花怪旗,2921
鬼魂旗,2922
巨型蝙蝠旗,2923
巨型诅咒骷髅头旗,2924
巨型飞狐旗,2925
姜饼人旗,2926
哥布林弓箭手旗,2927
绿史莱姆旗,2928
无头骑士旗,2929
地狱装甲骷髅旗,2930
地狱犬旗,2931
弹跳杰克南瓜灯旗,2932
冰雪蝙蝠旗,2933
冰雪巨人旗,2934
冰雪史莱姆旗,2935
灵液黏黏怪旗,2936
夜明蝙蝠旗,2937
夜明史莱姆旗,2938
丛林蝙蝠旗,2939
丛林史莱姆旗,2940
坎卜斯旗,2941
紫胶虫旗,2942
熔岩蝙蝠旗,2943
熔岩史莱姆旗,2944
火星扰脑怪旗,2945
火星飞船旗,2946
火星工程师旗,2947
火星电击怪旗,2948
火星灰咕噜旗,2949
火星军官旗,2950
火星激光枪手旗,2951
火星鳞甲怪枪手旗,2952
火星特斯拉炮塔旗,2953
戳刺先生旗,2954
史莱姆之母旗,2955
死灵法师旗,2956
胡桃夹士旗,2957
圣骑士旗,2958
企鹅旗,2959
粉史莱姆旗,2960
胡闹鬼旗,2961
装甲幻影魔旗,2962
礼物宝箱怪旗,2963
紫史莱姆旗,2964
褴褛邪教徒法师旗,2965
彩虹史莱姆旗,2966
乌鸦旗,2967
红史莱姆旗,2968
符文巫师旗,2969
生锈装甲骷髅旗,2970
稻草人旗,2971
鳞甲怪旗,2972
骷髅弓箭手旗,2973
骷髅突击手旗,2974
骷髅狙击手旗,2975
恶翅史莱姆旗,2976
抓人草旗,2977
巴拉雪人旗,2978
雪人暴徒旗,2979
尖刺冰雪史莱姆旗,2980
尖刺丛林史莱姆旗,2981
树精旗,2982
乌贼旗,2983
骷髅特警旗,2984
僵尸新郎旗,2985
蒂姆旗,2986
不死矿工旗,2987
亡灵维京海盗旗,2988
白邪教徒弓箭手旗,2989
白邪教徒法师旗,2990
白邪教徒战士旗,2991
黄史莱姆旗,2992
雪兽旗,2993
僵尸精灵旗,2994
斯派基,2995
藤蔓绳,2996
虫洞药水,2997
召唤师徽章,2998
施法桌,2999
炼药桌,3000
诡药,3001
洞穴探险荧光棒,3002
骨箭,3003
骨头火把,3004
藤蔓绳圈,3005
夺命杖,3006
飞镖手枪,3007
飞镖步枪,3008
水晶镖,3009
诅咒镖,3010
灵液镖,3011
铁链血滴子,3012
臭虎爪,3013
爬藤怪法杖,3014
腐香囊,3015
血肉指虎,3016
花靴,3017
种子弯刀,3018
地狱之翼弓,3019
肌腱钩,3020
刺钩,3021
荧光钩,3022
蠕虫钩,3023
Skiphs的血,3024
紫泥染料,3025
反光银染料,3026
反光金染料,3027
蓝酸性染料,3028
代达罗斯风暴弓,3029
飞刀,3030
无底水桶,3031
超级吸水棉,3032
金戒指,3033
钱币戒指,3034
贪婪戒指,3035
探鱼器,3036
天气收音机,3037
冥王染料,3038
暮光染料,3039
酸性染料,3040
发光蘑菇染料,3041
相位染料,3042
魔法灯笼,3043
八音盒（月亮Boss）,3044
彩虹火把,3045
诅咒篝火,3046
恶魔篝火,3047
冰冻篝火,3048
灵液篝火,3049
彩虹篝火,3050
魔晶碎块,3051
暗影焰弓,3052
暗影焰妖娃,3053
暗影焰刀,3054
橡实,3055
寒流,3056
被诅咒的圣诞骷髅王,3057
吉祥三雪宝,3058
圣诞雪季,3059
骨头拨浪鼓,3060
建筑师发明背包,3061
猩红之心,3062
彩虹猫之刃,3063
附魔日晷,3064
狂星之怒,3065
光面大理石块,3066
狱石砖墙,3067
植物纤维绳索宝典,3068
火花魔棒,3069
金鸟笼,3070
金兔笼,3071
金蝴蝶罐,3072
金蛙笼,3073
金蚱蜢笼,3074
金老鼠笼,3075
金蠕虫笼,3076
丝绸绳,3077
蛛丝绳,3078
丝绸绳圈,3079
蛛丝绳圈,3080
大理石块,3081
大理石墙,3082
光面大理石墙,3083
雷达,3084
金锁盒,3085
花岗岩块,3086
光面花岗岩块,3087
花岗岩墙,3088
光面花岗岩墙,3089
皇家凝胶,3090
夜光钥匙,3091
光明钥匙,3092
草药袋,3093
标枪,3094
杀怪计数器,3095
六分仪,3096
克苏鲁护盾,3097
屠夫链锯,3098
秒表,3099
陨石砖,3100
陨石砖墙,3101
金属探测器,3102
无尽箭袋,3103
无尽火枪袋,3104
毒气瓶,3105
变态人的刀,3106
钉枪,3107
钉子,3108
夜视头盔,3109
天界壳,3110
粉凝胶,3111
弹力荧光棒,3112
粉史莱姆块,3113
粉火把,3114
弹力炸弹,3115
弹力手榴弹,3116
和平蜡烛,3117
生命体分析机,3118
每秒伤害计数器,3119
渔民袖珍宝典,3120
哥布林数据仪,3121
R.E.K.3000,3122
个人数字助手,3123
手机,3124
花岗岩箱,3125
陨石钟,3126
大理石时钟,3127
花岗岩时钟,3128
陨石门,3129
大理石门,3130
花岗岩门,3131
陨石梳妆台,3132
大理石梳妆台,3133
花岗岩梳妆台,3134
陨石灯,3135
大理石灯,3136
花岗岩灯,3137
陨石灯笼,3138
大理石灯笼,3139
花岗岩灯笼,3140
陨石钢琴,3141
大理石钢琴,3142
花岗岩钢琴,3143
陨石平台,3144
大理石平台,3145
花岗岩平台,3146
陨石水槽,3147
大理石水槽,3148
花岗岩水槽,3149
陨石沙发,3150
大理石沙发,3151
花岗岩沙发,3152
陨石桌,3153
大理石桌,3154
花岗岩桌,3155
陨石工作台,3156
大理石工作台,3157
花岗岩工作台,3158
陨石浴缸,3159
大理石浴缸,3160
花岗岩浴缸,3161
陨石床,3162
大理石床,3163
花岗岩床,3164
陨石书架,3165
大理石书架,3166
花岗岩书架,3167
陨石烛台,3168
大理石烛台,3169
花岗岩烛台,3170
陨石蜡烛,3171
大理石蜡烛,3172
花岗岩蜡烛,3173
陨石椅,3174
大理石椅,3175
花岗岩椅,3176
陨石吊灯,3177
大理石吊灯,3178
花岗岩吊灯,3179
陨石箱,3180
大理石箱,3181
魔法滴水管,3182
金虫网,3183
魔法熔岩滴管,3184
魔法蜂蜜滴管,3185
空滴管,3186
角斗士头盔,3187
角斗士胸甲,3188
角斗士护腿,3189
反光染料,3190
附魔夜行者,3191
蛆虫,3192
鼻涕虫,3193
蚜虫,3194
蛆虫汤,3195
炸弹鱼,3196
寒霜飞鱼,3197
利器站,3198
冰雪镜,3199
航鱼靴,3200
海啸瓶,3201
训练假人,3202
腐化匣,3203
猩红匣,3204
地牢匣,3205
天空匣,3206
神圣匣,3207
丛林匣,3208
水晶蛇,3209
毒弹枪,3210
舌锋剑,3211
鲨牙项链,3212
钱币槽,3213
泡泡,3214
太阳花种植盆,3215
月光草种植盆,3216
死亡草种植盆,3217
死亡草种植盆,3218
闪耀根种植盆,3219
幌菊种植盆,3220
寒颤棘种植盆,3221
火焰花种植盆,3222
混乱之脑,3223
蠕虫围巾,3224
气球河豚鱼,3225
Lazure的女武神头环,3226
Lazure的女武神斗蓬,3227
Lazure的屏障台,3228
金十字墓石碑,3229
金墓石,3230
金墓石碑,3231
金墓碑,3232
金碑石,3233
水晶块,3234
八音盒（火星暴乱）,3235
八音盒（海盗入侵）,3236
八音盒（地狱）,3237
水晶块墙,3238
机关门,3239
高门,3240
鲨鱼龙气球,3241
税收官帽,3242
税收官衣服,3243
税收官裤,3244
骨头手套,3245
服装商夹克,3246
服装商裤,3247
染料商头巾,3248
致命球法杖,3249
绿马掌气球,3250
琥珀马掌气球,3251
粉马掌气球,3252
熔岩灯,3253
附魔夜行者笼,3254
蚜虫笼,3255
蛆虫笼,3256
鼻涕虫笼,3257
拍拍手,3258
暮光染发剂,3259
恩赐苹果,3260
幽灵锭,3261
代码1球,3262
西域海盗头巾,3263
西域海盗上装,3264
西域海盗马裤,3265
黑曜石逃犯帽,3266
黑曜石风衣,3267
黑曜石裤,3268
蛇发女妖头,3269
物品框,3270
沙岩块,3271
硬化沙块,3272
沙岩墙,3273
硬化黑檀沙块,3274
硬化猩红沙块,3275
黑檀沙岩块,3276
猩红沙岩块,3277
木悠悠球,3278
抑郁球,3279
血脉球,3280
亚马逊球,3281
喷流球,3282
吉克球,3283
代码2球,3284
对打球,3285
叶列茨球,3286
Red的抛球,3287
女武神悠悠球,3288
冰雪悠悠球,3289
狱火球,3290
克拉肯球,3291
克苏鲁之眼,3292
红绳,3293
橙绳,3294
黄绳,3295
橙绿绳,3296
绿绳,3297
青绿绳,3298
青绳,3299
天蓝绳,3300
蓝绳,3301
紫绳,3302
蓝紫绳,3303
粉绳,3304
棕绳,3305
白绳,3306
彩虹绳,3307
黑绳,3308
黑平衡锤,3309
蓝平衡锤,3310
绿平衡锤,3311
紫平衡锤,3312
红平衡锤,3313
黄平衡锤,3314
好胜球,3315
渐变球,3316
英勇球,3317
宝藏袋（史莱姆王）,3318
宝藏袋（克苏鲁之眼）,3319
宝藏袋（世界吞噬怪）,3320
宝藏袋（克苏鲁之脑）,3321
宝藏袋（蜂王）,3322
宝藏袋（骷髅王）,3323
宝藏袋（血肉墙）,3324
宝藏袋（毁灭者）,3325
宝藏袋（双子魔眼）,3326
宝藏袋（机械骷髅王）,3327
宝藏袋（世纪之花）,3328
宝藏袋（石巨人）,3329
宝藏袋（猪龙鱼公爵）,3330
宝藏袋（拜月教邪教徒）,3331
宝藏袋（月亮领主）,3332
蜂巢背包,3333
悠悠球手套,3334
恶魔之心,3335
孢子囊,3336
闪亮石,3337
硬化珍珠沙块,3338
珍珠沙岩块,3339
硬化沙墙,3340
硬化黑檀沙墙,3341
硬化猩红沙墙,3342
硬化珍珠沙墙,3343
黑檀沙岩墙,3344
猩红沙岩墙,3345
珍珠沙岩墙,3346
沙漠化石,3347
沙漠化石墙,3348
异域弯刀,3349
彩弹枪,3350
精致手杖,3351
时尚剪刀,3352
机械矿车,3353
机械车轮片,3354
机械车体片,3355
机械电池片,3356
拜月教邪教徒纪念章,3357
火星飞碟纪念章,3358
荷兰飞盗船纪念章,3359
生命红木魔棒,3360
红木树叶魔棒,3361
堕落西装衣,3362
堕落西装裤,3363
壁炉,3364
烟囱,3365
悠悠球袋,3366
虾松露,3367
Arkhalis剑,3368
彩纸炮,3369
八音盒（神塔）,3370
八音盒（哥布林入侵）,3371
拜月教邪教徒面具,3372
月亮领主面具,3373
化石头盔,3374
化石板甲,3375
化石护胫,3376
琥珀法杖,3377
骨头标枪,3378
骨投刀,3379
坚固化石,3380
星尘头盔,3381
星尘板甲,3382
星尘护腿,3383
传送枪,3384
奇异植物,3385
奇异植物,3386
奇异植物,3387
奇异植物,3388
泰拉悠悠球,3389
哥布林召唤师旗,3390
蝾螈旗,3391
巨型卷壳怪旗,3392
龙虾旗,3393
弗里茨旗,3394
水月怪旗,3395
苍蝇人博士旗,3396
蛾怪旗,3397
残手旗,3398
攀爬魔旗,3399
屠夫旗,3400
变态人旗,3401
致命球旗,3402
钉头旗,3403
毒孢旗,3404
蛇发女妖旗,3405
装甲步兵旗,3406
花岗精旗,3407
花岗岩巨人旗,3408
血腥僵尸旗,3409
滴滴怪旗,3410
墓穴爬虫旗,3411
沙虫旗,3412
蚁狮蜂旗,3413
蚁狮马旗,3414
食尸鬼旗,3415
拉弥亚旗,3416
沙漠幽魂旗,3417
蛇蜥怪旗,3418
沙贼旗,3419
观星怪旗,3420
银河织妖旗,3421
流体入侵怪旗,3422
闪耀炮手旗,3423
小星细胞旗,3424
星细胞旗,3425
流星火怪旗,3426
火滚怪旗,3427
千足蜈蚣旗,3428
火龙怪骑士旗,3429
火龙怪旗,3430
火月怪旗,3431
预言怪旗,3432
吮脑怪旗,3433
星云浮怪旗,3434
进化兽旗,3435
异星幼虫旗,3436
异星蜂王旗,3437
异星黄蜂旗,3438
星旋怪旗,3439
漩泥怪旗,3440
海盗船长旗,3441
海盗神射手旗,3442
私船海盗旗,3443
海盗弩手旗,3444
火星走妖旗,3445
红魔鬼旗,3446
粉水母旗,3447
绿水母旗,3448
暗黑木乃伊旗,3449
光明木乃伊旗,3450
愤怒骷髅怪旗,3451
冰雪陆龟旗,3452
伤害强化焰,3453
生命强化焰,3454
魔力强化焰,3455
星旋碎片,3456
星云碎片,3457
日耀碎片,3458
星尘碎片,3459
夜明矿,3460
夜明砖,3461
星尘斧,3462
星尘链锯,3463
星尘钻头,3464
星尘锤,3465
星尘镐,3466
夜明锭,3467
日耀之翼,3468
星旋强化翼,3469
星云斗篷,3470
星尘之翼,3471
夜明砖墙,3472
日耀喷发剑,3473
星尘细胞法杖,3474
星旋机枪,3475
星云奥秘,3476
血水,3477
面纱,3478
婚裙,3479
铂金弓,3480
铂金锤,3481
铂金斧,3482
铂金短剑,3483
铂金宽剑,3484
铂金镐,3485
钨弓,3486
钨锤,3487
钨斧,3488
钨短剑,3489
钨宽剑,3490
钨镐,3491
铅弓,3492
铅锤,3493
铅斧,3494
铅短剑,3495
铅宽剑,3496
铅镐,3497
锡弓,3498
锡锤,3499
锡斧,3500
锡短剑,3501
锡宽剑,3502
锡镐,3503
铜弓,3504
铜锤,3505
铜斧,3506
铜短剑,3507
铜阔剑,3508
铜镐,3509
银弓,3510
银锤,3511
银斧,3512
银短剑,3513
银阔剑,3514
银镐,3515
金弓,3516
金锤,3517
金斧,3518
金短剑,3519
金阔剑,3520
金镐,3521
耀斑锤斧,3522
星旋锤斧,3523
星云锤斧,3524
星尘锤斧,3525
日耀染料,3526
星云染料,3527
星旋染料,3528
星尘染料,3529
缥缈染料,3530
星尘之龙法杖,3531
培根,3532
流沙染料,3533
幻象染料,3534
珍珠流沙染料,3535
星旋天塔柱,3536
星云天塔柱,3537
星尘天塔柱,3538
日耀天塔柱,3539
幻影弓,3540
终极棱镜,3541
星云烈焰,3542
破晓之光,3543
超级治疗药水,3544
引爆器,3545
喜庆弹射器,3546
弹力雷管,3547
快乐手榴弹,3548
远古操纵机,3549
红焰银染料,3550
绿焰银染料,3551
蓝焰银染料,3552
反光铜染料,3553
反光黑曜石染料,3554
反光金属染料,3555
午夜彩虹染料,3556
黑白染料,3557
淡银染料,3558
银黑染料,3559
红酸性染料,3560
凝胶染料,3561
粉凝胶染料,3562
红松鼠,3563
金松鼠,3564
红松鼠笼,3565
金松鼠笼,3566
夜明弹,3567
夜明箭,3568
月亮传送门法杖,3569
月耀,3570
七彩水晶法杖,3571
月钩,3572
日耀碎片块,3573
星旋碎片块,3574
星云碎片块,3575
星尘碎片块,3576
可疑触手,3577
Yoraiz0r的制服,3578
Yoraiz0r的裙,3579
Yoraiz0r的魔法,3580
Yoraiz0r的怒容,3581
Jim的翅膀,3582
Yoraiz0r的染色护目镜,3583
生命树叶墙,3584
Skiphs的面具,3585
Skiphs的皮肤,3586
Skiphs的熊裤,3587
Skiphs的爪子,3588
Loki的头盔,3589
Loki的胸甲,3590
Loki的护胫,3591
Loki的翅膀,3592
沙史莱姆旗,3593
海蜗牛旗,3594
月亮领主纪念章,3595
不是小孩，也不是乌贼,3596
烈焰冥王染料,3597
恐怖染料,3598
Loki的染料,3599
暗影焰冥王染料,3600
天界符,3601
逻辑门灯（关）,3602
逻辑门（与）,3603
逻辑门（或）,3604
逻辑门（与非）,3605
逻辑门（或非）,3606
逻辑门（异或）,3607
逻辑门（同或）,3608
传送带（顺时针）,3609
传送带（逆时针）,3610
宏伟蓝图,3611
黄扳手,3612
逻辑感应器（昼）,3613
逻辑感应器（夜）,3614
逻辑感应器（玩家出入上方）,3615
分线盒,3616
广播盒,3617
逻辑门灯（开）,3618
机械晶状体,3619
致动魔杖,3620
红团队块,3621
红团队平台,3622
静止钩,3623
自动安放器,3624
五彩扳手,3625
粉色测重压力板,3626
工程头盔,3627
同伴方块,3628
彩线灯泡,3629
橙色测重压力板,3630
紫色测重压力板,3631
青色测重压力板,3632
绿团队块,3633
蓝团队块,3634
黄团队块,3635
粉团队块,3636
白团队块,3637
绿团队平台,3638
蓝团队平台,3639
黄团队平台,3640
粉团队平台,3641
白团队平台,3642
大琥珀,3643
红玉宝石锁,3644
蓝玉宝石锁,3645
翡翠宝石锁,3646
黄玉宝石锁,3647
紫晶宝石锁,3648
钻石宝石锁,3649
琥珀宝石锁,3650
松鼠雕像,3651
蝴蝶雕像,3652
蠕虫雕像,3653
萤火虫雕像,3654
蝎子雕像,3655
蜗牛雕像,3656
蚱蜢雕像,3657
老鼠雕像,3658
小鸭雕像,3659
企鹅雕像,3660
青蛙雕像,3661
蚜虫雕像,3662
逻辑门灯（故障）,3663
传送枪站,3664
机关宝箱,3665
机关金箱,3666
机关暗影箱,3667
机关乌木箱,3668
机关红木箱,3669
机关珍珠木箱,3670
机关常春藤箱,3671
机关冰冻箱,3672
机关生命木箱,3673
机关天域箱,3674
机关暗影木箱,3675
机关蛛丝箱,3676
机关丛林蜥蜴箱,3677
机关水中箱,3678
机关丛林箱,3679
机关腐化箱,3680
机关猩红箱,3681
机关神圣箱,3682
机关冰雪箱,3683
机关王朝箱,3684
机关蜂蜜箱,3685
机关蒸汽朋克箱,3686
机关棕榈木箱,3687
机关蘑菇箱,3688
机关针叶木箱,3689
机关史莱姆箱,3690
机关绿地牢箱,3691
机关粉地牢箱,3692
机关蓝地牢箱,3693
机关骨箱,3694
机关仙人掌箱,3695
机关血肉箱,3696
机关黑曜石箱,3697
机关南瓜箱,3698
机关阴森箱,3699
机关玻璃箱,3700
机关火星箱,3701
机关陨石箱,3702
机关花岗岩箱,3703
机关大理石箱,3704
无 (无正式名称),3705
无 (无正式名称),3706
青绿压力垫板,3707
爬墙蜘蛛雕像,3708
独角兽雕像,3709
滴滴怪雕像,3710
幻灵雕像,3711
骨头骷髅雕像,3712
亡灵维京海盗雕像,3713
蛇发女妖雕像,3714
鸟妖雕像,3715
猪龙雕像,3716
装甲步兵雕像,3717
花岗岩巨人雕像,3718
武装僵尸雕像,3719
血腥僵尸雕像,3720
渔夫渔具袋,3721
热喷泉,3722
超亮篝火,3723
骨头篝火,3724
像素盒,3725
液体感应器（水）,3726
液体感应器（熔岩）,3727
液体感应器（蜂蜜）,3728
液体感应器（任何）,3729
派对气球束,3730
气球兔兔,3731
派对帽,3732
呆萌向日葵花瓣头盔,3733
呆萌向日葵上衣,3734
呆萌向日葵裤装,3735
呆萌粉气球,3736
呆萌紫气球,3737
呆萌绿气球,3738
蓝饰带,3739
绿饰带,3740
粉饰带,3741
呆萌气球机,3742
呆萌丝带气球（粉）,3743
呆萌丝带气球（紫）,3744
呆萌丝带气球（绿）,3745
猪龙彩罐,3746
派对中心,3747
呆萌丝带派对气球束,3748
派对礼物,3749
蛋糕块,3750
齿轮墙,3751
沙暴墙,3752
降雪墙,3753
沙暴块,3754
降雪块,3755
雪云,3756
企鹅兜帽,3757
企鹅夹克,3758
企鹅裤,3759
呆萌粉气球墙,3760
呆萌紫气球墙,3761
呆萌绿气球墙,3762
0x33的飞行员风镜,3763
蓝晶光刃,3764
红晶光刃,3765
绿晶光刃,3766
紫晶光刃,3767
白晶光刃,3768
黄晶光刃,3769
神灵诅咒,3770
远古号角,3771
颌骨剑,3772
远古头饰,3773
远古上衣,3774
远古裤,3775
禁戒面具,3776
禁戒长袍,3777
禁戒裤,3778
神灯烈焰,3779
沙尘精旗,3780
袖珍镜,3781
魔法沙粒滴管,3782
禁戒碎片,3783
拉弥亚蛇尾裤,3784
拉弥亚披肩,3785
拉弥亚面具,3786
裂天剑,3787
玛瑙爆破枪,3788
沙鲨旗,3789
噬骨沙鲨旗,3790
戮血沙鲨旗,3791
水晶沙鲨旗,3792
愤怒翻滚怪旗,3793
远古布匹,3794
沙漠幽魂灯,3795
八音盒（沙尘暴）,3796
学徒帽,3797
学徒长袍,3798
学徒裤,3799
侍卫大头盔,3800
侍卫板甲,3801
侍卫护胫,3802
女猎人假发,3803
女猎人上衣,3804
女猎人裤,3805
武僧浓眉秃头帽,3806
武僧衣,3807
武僧裤,3808
学徒围巾,3809
侍卫护盾,3810
女猎人圆盾,3811
武僧腰带,3812
护卫熔炉,3813
战争桌,3814
战争桌旗,3815
永恒水晶座,3816
护卫奖章,3817
爆炸烈焰魔杖,3818
爆炸烈焰手杖,3819
爆炸烈焰法杖,3820
麦芽酒投掷器,3821
埃特尼亚魔力,3822
地狱之剑,3823
弩车魔杖,3824
弩车手杖,3825
弩车法杖,3826
飞龙,3827
永恒水晶,3828
闪电光环魔杖,3829
闪电光环手杖,3830
闪电光环法杖,3831
爆炸机关魔杖,3832
爆炸机关手杖,3833
爆炸机关法杖,3834
瞌睡章鱼,3835
恐怖关刀,3836
埃特尼亚哥布林投弹手旗,3837
埃特尼亚哥布林旗,3838
撒旦骷髅旗,3839
德拉克龙旗,3840
小妖魔滑翔怪旗,3841
小妖魔旗,3842
枯萎兽旗,3843
埃特尼亚飞龙旗,3844
埃特尼亚标枪投掷怪旗,3845
埃特尼亚荧光虫旗,3846
无 (无正式名称),3847
无 (无正式名称),3848
无 (无正式名称),3849
无 (无正式名称),3850
无 (无正式名称),3851
无限智慧巨著,3852
无 (无正式名称),3853
幽灵凤凰,3854
Gato蛋,3855
飞眼怪蛋,3856
龙蛋,3857
天龙之怒,3858
空中祸害,3859
宝藏袋（双足翼龙）,3860
无 (无正式名称),3861
无 (无正式名称),3862
双足翼龙面具,3863
暗黑魔法师面具,3864
食人魔面具,3865
双足翼龙纪念章,3866
暗黑魔法师纪念章,3867
食人魔纪念章,3868
音乐盒（撒旦军队）,3869
双足翼龙怒气,3870
英灵殿骑士头盔,3871
英灵殿骑士胸甲,3872
英灵殿骑士护胫,3873
暗黑艺术家帽子,3874
暗黑艺术家长袍,3875
暗黑艺术家护腿,3876
红色骑术兜帽,3877
红色骑术服,3878
红色骑术护腿,3879
渗透忍者头盔,3880
渗透忍者上衣,3881
渗透忍者裤装,3882
双足翼龙之翼,3883
水晶箱,3884
金宝箱,3885
机关水晶箱,3886
机关金宝箱,3887
水晶门,3888
水晶椅,3889
水晶蜡烛,3890
水晶灯笼,3891
水晶灯,3892
水晶烛台,3893
水晶吊灯,3894
水晶浴缸,3895
水晶水槽,3896
水晶床,3897
水晶时钟,3898
日盘时钟,3899
蓝地牢时钟,3900
绿地牢时钟,3901
粉地牢时钟,3902
水晶平台,3903
金平台,3904
王朝木平台,3905
丛林蜥蜴平台,3906
血肉平台,3907
冰冻平台,3908
水晶工作台,3909
金工作台,3910
水晶梳妆台,3911
王朝梳妆台,3912
冰冻梳妆台,3913
生命木梳妆台,3914
水晶钢琴,3915
王朝钢琴,3916
水晶书架,3917
水晶沙发,3918
王朝沙发,3919
水晶桌,3920
Arkhalis的兜帽,3921
Arkhalis的紧身衣,3922
Arkhalis的紧身服,3923
Arkhalis的飞翼,3924
Leinfors的护发器,3925
Leinfors的奇异风,3926
Leinfors的潮裤,3927
Leinfors的卷缠斗篷,3928
Leinfors的奢华洗发液,3929
喜庆弹射器Mk2,3930
蜘蛛浴缸,3931
蜘蛛床,3932
蜘蛛书架,3933
蜘蛛梳妆台,3934
蜘蛛烛台,3935
蜘蛛蜡烛,3936
蜘蛛椅,3937
蜘蛛吊灯,3938
蜘蛛箱,3939
蜘蛛时钟,3940
蜘蛛门,3941
蜘蛛灯,3942
蜘蛛灯笼,3943
蜘蛛钢琴,3944
蜘蛛平台,3945
蜘蛛水槽,3946
蜘蛛沙发,3947
蜘蛛桌,3948
蜘蛛工作台,3949
机关蜘蛛箱,3950
铁砖,3951
铁砖墙,3952
铅砖,3953
铅砖墙,3954
病变块,3955
病变块墙,3956
病变平台,3957
病变浴缸,3958
病变床,3959
病变书架,3960
病变烛台,3961
病变蜡烛,3962
病变椅,3963
病变吊灯,3964
病变宝箱,3965
病变时钟,3966
病变门,3967
病变梳妆台,3968
病变灯,3969
病变灯笼,3970
病变钢琴,3971
病变水槽,3972
病变沙发,3973
病变桌,3974
病变工作台,3975
机关病变箱,3976
帽架,3977
无 (无正式名称),3978
珍珠木匣,3979
秘银匣,3980
钛金匣,3981
污损匣,3982
血匣,3983
围栏匣,3984
天蓝匣,3985
天赐匣,3986
荆棘匣,3987
死人宝箱,3988
高尔夫球,3989
水陆两用靴,3990
奥术花,3991
狂战士手套,3992
仙灵靴,3993
青蛙脚蹼,3994
青蛙装备,3995
青蛙蹼,3996
冰冻护盾,3997
英雄护盾,3998
岩浆骷髅头,3999
磁花,4000
魔力斗篷,4001
熔火箭袋,4002
熔火骷髅头玫瑰,4003
黑曜石骷髅头玫瑰,4004
侦察镜,4005
潜行者箭袋,4006
毒刺项链,4007
超亮头盔,4008
苹果,4009
苹果派切片,4010
苹果派,4011
香蕉船,4012
烧烤肋排,4013
炖兔兔,4014
汉堡,4015
鸡块,4016
巧克力曲奇饼干,4017
奶油苏打水,4018
食用蜗牛,4019
煎蛋,4020
炸薯条,4021
金美味,4022
葡萄,4023
烤松鼠,4024
热狗,4025
冰淇淋,4026
奶昔,4027
玉米片,4028
披萨,4029
薯片,4030
烤鸟,4031
烤鸭,4032
炒蛙腿,4033
海鲜大餐,4034
鲜虾三明治,4035
意大利面,4036
牛排,4037
熔火护身符,4038
高尔夫球杆（铁杆）,4039
高尔夫球洞,4040
蓝花种子,4041
洋红花种子,4042
粉花种子,4043
红花种子,4044
黄花种子,4045
蓝紫花种子,4046
白花种子,4047
高茎草种子,4048
割草机,4049
猩红石砖,4050
光面沙岩,4051
猩红石砖墙,4052
光面沙岩墙,4053
血月天塔柱,4054
沙丘行者靴,4055
远古凿子,4056
雨歌,4057
骷髅头弓,4058
化石镐,4059
超级星星炮,4060
风暴长矛,4061
霹雳法杖,4062
鼓组,4063
野餐桌,4064
精致野餐桌,4065
沙漠矿车,4066
鲤鱼矿车,4067
粉仙灵,4068
绿仙灵,4069
蓝仙灵,4070
涡螺壳,4071
香螺壳,4072
旋螺壳,4073
风车,4074
风向标,4075
虚空保险库,4076
八音盒（海洋夜晚）,4077
八音盒（史莱姆雨）,4078
八音盒（太空白天）,4079
八音盒（城镇白天）,4080
八音盒（城镇夜晚）,4081
八音盒（大风天）,4082
白三角旗,4083
红三角旗,4084
绿三角旗,4085
蓝三角旗,4086
黄三角旗,4087
紫三角旗,4088
高尔夫球座,4089
贝壳堆,4090
反传送门块,4091
高尔夫球杆（推杆）,4092
高尔夫球杆（挖起杆）,4093
高尔夫球杆（木杆）,4094
高尔夫口哨,4095
乌木马桶,4096
红木马桶,4097
珍珠木马桶,4098
生命木马桶,4099
仙人掌马桶,4100
骨头马桶,4101
血肉马桶,4102
蘑菇马桶,4103
天域马桶,4104
暗影木马桶,4105
丛林蜥蜴马桶,4106
蓝地牢马桶,4107
绿地牢马桶,4108
粉地牢马桶,4109
黑曜石马桶,4110
冰冻马桶,4111
玻璃马桶,4112
蜂蜜马桶,4113
蒸汽朋克马桶,4114
南瓜马桶,4115
阴森马桶,4116
王朝马桶,4117
棕榈木马桶,4118
针叶木马桶,4119
史莱姆马桶,4120
火星马桶,4121
花岗岩马桶,4122
大理石马桶,4123
水晶马桶,4124
蜘蛛马桶,4125
病变马桶,4126
钻石马桶,4127
女仆帽,4128
女仆裙,4129
女仆鞋,4130
虚空袋,4131
粉女仆帽,4132
粉女仆裙,4133
粉女仆鞋,4134
乡村俱乐部帽,4135
乡村俱乐部背心,4136
乡村俱乐部长裤,4137
乡村俱乐部帽舌,4138
蜘蛛窝块,4139
蜘蛛窝墙,4140
流星马桶,4141
腐变室,4142
无 (无正式名称),4143
泰拉魔刃,4144
日耀浴缸,4145
日耀床,4146
日耀书架,4147
日耀梳妆台,4148
日耀烛台,4149
日耀蜡烛,4150
日耀椅,4151
日耀吊灯,4152
日耀箱,4153
日耀时钟,4154
日耀门,4155
日耀灯,4156
日耀灯笼,4157
日耀钢琴,4158
日耀平台,4159
日耀水槽,4160
日耀沙发,4161
日耀桌,4162
日耀工作台,4163
机关日耀箱,4164
日耀马桶,4165
星旋浴缸,4166
星旋床,4167
星旋书架,4168
星旋梳妆台,4169
星旋烛台,4170
星旋蜡烛,4171
星旋椅,4172
星旋吊灯,4173
星旋箱,4174
星旋时钟,4175
星旋门,4176
星旋灯,4177
星旋灯笼,4178
星旋钢琴,4179
星旋平台,4180
星旋水槽,4181
星旋沙发,4182
星旋桌,4183
星旋工作台,4184
机关星旋箱,4185
星旋马桶,4186
星云浴缸,4187
星云床,4188
星云书架,4189
星云梳妆台,4190
星云烛台,4191
星云蜡烛,4192
星云椅,4193
星云吊灯,4194
星云箱,4195
星云时钟,4196
星云门,4197
星云灯,4198
星云灯笼,4199
星云钢琴,4200
星云平台,4201
星云水槽,4202
星云沙发,4203
星云桌,4204
星云工作台,4205
机关星云箱,4206
星云马桶,4207
星尘浴缸,4208
星尘床,4209
星尘书架,4210
星尘梳妆台,4211
星尘烛台,4212
星尘蜡烛,4213
星尘椅,4214
星尘吊灯,4215
星尘箱,4216
星尘时钟,4217
星尘门,4218
星尘灯,4219
星尘灯笼,4220
星尘钢琴,4221
星尘平台,4222
星尘水槽,4223
星尘沙发,4224
星尘桌,4225
星尘工作台,4226
机关星尘箱,4227
星尘马桶,4228
日耀砖,4229
星旋砖,4230
星云砖,4231
星尘砖,4232
日耀砖墙,4233
星旋砖墙,4234
星云砖墙,4235
星尘砖墙,4236
八音盒（白天混音）,4237
破裂蓝砖,4238
破裂绿砖,4239
破裂粉砖,4240
野花种子,4241
黑高尔夫球,4242
蓝高尔夫球,4243
棕高尔夫球,4244
青高尔夫球,4245
绿高尔夫球,4246
橙绿高尔夫球,4247
橙高尔夫球,4248
粉高尔夫球,4249
紫高尔夫球,4250
红高尔夫球,4251
天蓝高尔夫球,4252
青绿高尔夫球,4253
蓝紫高尔夫球,4254
黄高尔夫球,4255
琥珀长袍,4256
琥珀钩,4257
橙陨石光剑,4258
橙晶光刃,4259
橙花窗玻璃,4260
橙压力板,4261
耍蛇者长笛,4262
魔法海螺,4263
高尔夫球车钥匙,4264
高尔夫箱,4265
机关高尔夫箱,4266
沙岩箱,4267
机关沙岩箱,4268
血红法杖,4269
血荆棘,4270
血泪,4271
滴滴怪致残者,4272
吸血鬼青蛙法杖,4273
金金鱼,4274
金鱼缸,4275
巴斯特雕像,4276
金星块,4277
蓝星块,4278
金星墙,4279
蓝星墙,4280
雀杖,4281
杏,4282
香蕉,4283
黑醋栗,4284
血橙,4285
樱桃,4286
椰子,4287
火龙果,4288
接骨木果,4289
葡萄柚,4290
柠檬,4291
芒果,4292
桃子,4293
菠萝,4294
李子,4295
红毛丹,4296
杨桃,4297
沙岩浴缸,4298
沙岩床,4299
沙岩书架,4300
沙岩梳妆台,4301
沙岩烛台,4302
沙岩蜡烛,4303
沙岩椅,4304
沙岩吊灯,4305
沙岩时钟,4306
沙岩门,4307
沙岩灯,4308
沙岩灯笼,4309
沙岩钢琴,4310
沙岩平台,4311
沙岩水槽,4312
沙岩沙发,4313
沙岩桌,4314
沙岩工作台,4315
沙岩马桶,4316
血锤斧,4317
虚空天塔柱,4318
箭头标牌,4319
彩色箭头标牌,4320
大师级玩家夹克,4321
大师级玩家裤,4322
星星公主王冠,4323
星星公主裙,4324
鱼饵投掷者,4325
盘子,4326
黑蜻蜓罐,4327
蓝蜻蜓罐,4328
绿蜻蜓罐,4329
橙蜻蜓罐,4330
红蜻蜓罐,4331
黄蜻蜓罐,4332
金蜻蜓罐,4333
黑蜻蜓,4334
蓝蜻蜓,4335
绿蜻蜓,4336
橙蜻蜓,4337
红蜻蜓,4338
黄蜻蜓,4339
金蜻蜓,4340
梯凳,4341
蜻蜓雕像,4342
纸飞机,4343
白纸飞机,4344
蠕虫罐头,4345
负重石,4346
灰冲击枪,4347
橙冲击枪,4348
绿苔藓,4349
棕苔藓,4350
红苔藓,4351
蓝苔藓,4352
紫苔藓,4353
熔岩苔藓,4354
巨石雕像,4355
八音盒（旅程开始）,4356
八音盒（暴风雨）,4357
八音盒（墓地）,4358
海鸥,4359
海鸥雕像,4360
瓢虫,4361
金瓢虫,4362
蝇蛆,4363
蝇蛆笼,4364
天界魔棒,4365
桉树汁,4366
蓝风筝,4367
蓝黄风筝,4368
红风筝,4369
红黄风筝,4370
黄风筝,4371
常春藤,4372
鳉鱼,4373
䴙䴘,4374
大鼠,4375
大鼠笼,4376
氪苔藓,4377
氙苔藓,4378
飞龙风筝,4379
瓢虫笼,4380
血雨弓,4381
先进战斗技术,4382
沙漠火把,4383
珊瑚火把,4384
腐化火把,4385
猩红火把,4386
神圣火把,4387
丛林火把,4388
氩苔藓,4389
仙人球,4390
薄冰,4391
回声块,4392
甲虫鱼,4393
蝎子鱼,4394
猫头鹰,4395
猫头鹰笼,4396
猫头鹰雕像,4397
鳉鱼缸,4398
金瓢虫笼,4399
晶洞,4400
偏口鱼,4401
岩石龙虾,4402
龙虾尾,4403
浮游圈,4404
冰冻匣,4405
针叶木匣,4406
绿洲匣,4407
幻象匣,4408
幽灵护目镜,4409
牡蛎,4410
去壳牡蛎,4411
白珍珠,4412
黑珍珠,4413
粉珍珠,4414
石门,4415
石平台,4416
绿洲喷泉,4417
水黾,4418
金水黾,4419
草坪火烈鸟,4420
八音盒（地下丛林）,4421
格栅,4422
甲虫炸弹,4423
铁艺栅栏,4424
鲨鱼鱼饵,4425
蜜蜂矿车,4426
瓢虫矿车,4427
猪龙矿车,4428
向日葵矿车,4429
盆栽森林雪松,4430
盆栽丛林雪松,4431
盆栽神圣雪松,4432
盆栽森林树,4433
盆栽丛林树,4434
盆栽神圣树,4435
盆栽森林棕榈,4436
盆栽丛林棕榈,4437
盆栽神圣棕榈,4438
盆栽森林竹,4439
盆栽丛林竹,4440
盆栽神圣竹,4441
甲虫钓竿,4442
恶魔地狱矿车,4443
女巫扫帚,4444
初级集束火箭,4445
二级集束火箭,4446
湿火箭,4447
熔岩火箭,4448
蜂蜜火箭,4449
蘑菇矿车,4450
紫晶矿车,4451
黄玉矿车,4452
蓝玉矿车,4453
翡翠矿车,4454
红玉矿车,4455
钻石矿车,4456
初级迷你核弹,4457
二级迷你核弹,4458
干火箭,4459
沙堡桶,4460
龟笼,4461
丛林龟笼,4462
罗马短剑,4463
龟,4464
丛林龟,4465
龟雕像,4466
琥珀矿车,4467
甲虫矿车,4468
彩虹猫矿车,4469
派对矿车,4470
荷兰人矿车,4471
蒸汽朋克矿车,4472
䴙䴘笼,4473
海鸥笼,4474
水黾笼,4475
金水黾笼,4476
弱效幸运药水,4477
幸运药水,4478
强效幸运药水,4479
海马,4480
海马笼,4481
金海马,4482
金海马笼,4483
1/2秒计时器,4484
1/4秒计时器,4485
黑檀石墙,4486
泥墙,4487
珍珠石墙,4488
雪墙,4489
紫晶石墙,4490
黄玉石墙,4491
蓝玉石墙,4492
翡翠石墙,4493
红玉石墙,4494
钻石石墙,4495
绿苔藓墙,4496
棕苔藓墙,4497
红苔藓墙,4498
蓝苔藓墙,4499
紫苔藓墙,4500
岩石土墙,4501
古老石墙,4502
蜘蛛墙,4503
腐化草墙,4504
神圣草墙,4505
冰雪墙,4506
黑曜石墙,4507
猩红草墙,4508
猩红石墙,4509
洞穴土墙,4510
粗糙土墙,4511
崎岖石墙,4512
腐化赘生墙,4513
腐化团块墙,4514
腐化脓疱墙,4515
腐化卷须墙,4516
猩红硬皮墙,4517
猩红疮痂墙,4518
猩红尖牙墙,4519
猩红水疱墙,4520
分层土墙,4521
剥落土墙,4522
破裂土墙,4523
皱曲土墙,4524
神圣棱柱墙,4525
神圣洞穴墙,4526
神圣碎块墙,4527
神圣结晶墙,4528
地衣石墙,4529
多叶丛林墙,4530
常春藤石墙,4531
丛林藤蔓墙,4532
余烬墙,4533
灰渣墙,4534
岩浆墙,4535
阴燃石墙,4536
破旧石墙,4537
钟乳石墙,4538
斑驳石墙,4539
断裂石墙,4540
新娘旗,4541
僵尸人鱼旗,4542
游荡眼球怪鱼旗,4543
血乌贼旗,4544
血鳗鱼旗,4545
血浆哥布林鲨鱼旗,4546
大竹子,4547
大竹墙,4548
恶魔角,4549
竹叶,4550
地狱蛋糕块,4551
造雾机,4552
等离子灯,4553
大理石柱,4554
厨师帽,4555
厨师服,4556
厨师裤,4557
星星发夹,4558
心形发夹,4559
兔耳朵,4560
魔鬼角,4561
软呢帽,4562
假独角兽角,4563
竹子,4564
竹墙,4565
竹浴缸,4566
竹床,4567
竹书架,4568
竹梳妆台,4569
竹烛台,4570
竹蜡烛,4571
竹椅,4572
竹吊灯,4573
竹箱,4574
竹时钟,4575
竹门,4576
竹灯,4577
竹灯笼,4578
竹钢琴,4579
竹平台,4580
竹水槽,4581
竹沙发,4582
竹桌,4583
竹工作台,4584
机关竹箱,4585
竹马桶,4586
破旧高尔夫球杆（铁杆）,4587
破旧高尔夫球杆（推杆）,4588
破旧高尔夫球杆（挖起杆）,4589
破旧高尔夫球杆（木杆）,4590
精致高尔夫球杆（铁杆）,4591
精致高尔夫球杆（推杆）,4592
精致高尔夫球杆（挖起杆）,4593
精致高尔夫球杆（木杆）,4594
高级高尔夫球杆（铁杆）,4595
高级高尔夫球杆（推杆）,4596
高级高尔夫球杆（挖起杆）,4597
高级高尔夫球杆（木杆）,4598
高尔夫铜奖杯,4599
高尔夫银奖杯,4600
高尔夫金奖杯,4601
恐惧鹦鹉螺旗,4602
小鸟拨浪鼓,4603
奇异咀嚼玩具,4604
眩晕花蜜,4605
八音盒（丛林夜晚）,4606
沙漠虎杖,4607
鱼饵桶,4608
花园侏儒,4609
骨蛇风筝,4610
吞世怪风筝,4611
兔兔风筝,4612
猪龙风筝,4613
苹果汁,4614
葡萄汁,4615
柠檬水,4616
冰冻香蕉代基里,4617
桃子果酒,4618
椰林飘香,4619
热带奶昔,4620
血腥麝香葡萄,4621
暗黑奶昔,4622
七彩潘趣酒,4623
果汁,4624
水果沙拉,4625
安德鲁狮身人面像,4626
警惕的蚁狮,4627
燃烧幽魂,4628
鬼门关,4629
史莱姆之沙,4630
蛇，我讨厌蛇,4631
沙上的生活,4632
绿洲,4633
史前留存,4634
远古碑牌,4635
乌鲁鲁巨岩,4636
参观金字塔,4637
绷带男孩,4638
神眼,4639
紫晶石块,4640
黄玉石块,4641
蓝玉石块,4642
翡翠石块,4643
红玉石块,4644
钻石石块,4645
琥珀石块,4646
琥珀石墙,4647
食人怪风筝,4648
蓝水母风筝,4649
粉水母风筝,4650
鲨鱼风筝,4651
超级英雄面具,4652
超级英雄服装,4653
超级英雄紧身裤,4654
粉仙灵罐,4655
绿仙灵罐,4656
蓝仙灵罐,4657
起伏的果岭,4658
静物球习作,4659
球来了！,4660
映像的二重性,4661
灰雾染料,4662
大屠杀染料,4663
漂亮粉连衣裙,4664
漂亮粉长袜,4665
漂亮粉丝带,4666
竹栅栏,4667
夜明漆,4668
沙鲨风筝,4669
腐化兔兔风筝,4670
猩红兔兔风筝,4671
皮鞭,4672
鼓槌,4673
金鱼风筝,4674
愤怒捕手风筝,4675
锦鲤风筝,4676
千足蜈蚣风筝,4677
迪朗达尔,4678
晨星,4679
暗黑收割,4680
光谱风筝,4681
释放鸽子,4682
游荡眼球怪风筝,4683
独角兽风筝,4684
掘墓者帽,4685
掘墓者外套,4686
愤怒蒲公英旗,4687
侏儒旗,4688
沙漠篝火,4689
珊瑚篝火,4690
腐化篝火,4691
猩红篝火,4692
神圣篝火,4693
丛林篝火,4694
光明之魂瓶,4695
暗影之魂瓶,4696
飞翔之魂瓶,4697
视域之魂瓶,4698
力量之魂瓶,4699
恐惧之魂瓶,4700
泥芽,4701
释放灯笼,4702
四管霰弹枪,4703
葬礼帽,4704
葬礼外套,4705
葬礼裤,4706
悲剧雨伞,4707
维多利亚哥特帽,4708
维多利亚哥特裙,4709
破旧木制标牌,4710
掘墓者铲子,4711
沙漠箱,4712
机关沙漠箱,4713
沙漠钥匙,4714
星星吉他,4715
贝壳哨,4716
针叶木梁,4717
红木梁,4718
花岗岩柱,4719
沙岩柱,4720
蘑菇梁,4721
无 (无正式名称),4722
永不复焉,4723
重生,4724
墓地,4725
鬼魂显现,4726
邪恶亡灵,4727
血腥酒杯,4728
静物,4729
Ghostar的无极翼,4730
泰拉马桶,4731
Ghostar的魂罐,4732
Ghostar的上衣,4733
Ghostar的紧身裤,4734
保险丝球,4735
满月尖叫玩具,4736
华丽暗影钥匙,4737
苍蝇人博士面具,4738
苍蝇人博士实验服,4739
屠夫面具,4740
屠夫的染血围裙,4741
屠夫的染血裤,4742
橄榄球,4743
猎人斗篷,4744
棺材矿车,4745
Safeman的毛毯斗篷,4746
Safeman的晴天,4747
Safeman的太阳裙,4748
Safeman的粉色护腿,4749
FoodBarbarian的褴褛龙之翼,4750
FoodBarbarian的角盔,4751
FoodBarbarian的野狼护肩,4752
FoodBarbarian的野猪护胫,4753
Grox The Great的翅膀,4754
Grox The Great的有角风帽,4755
Grox The Great的护胸,4756
Grox The Great的护胫,4757
刃杖,4758
松鼠钩,4759
中士联盾,4760
岩石巨人头,4761
小动物香波,4762
挖掘鼹鼠矿车,4763
蘑菇回旋镖,4764
树球,4765
世界球,4766
小动物友谊指南,4767
狗耳朵,4768
狗尾巴,4769
狐狸耳朵,4770
狐狸尾巴,4771
蜥蜴耳朵,4772
蜥蜴尾巴,4773
熊猫耳朵,4774
兔尾巴,4775
仙灵荧光棒,4776
闪电胡萝卜,4777
七彩染料,4778
蘑菇帽,4779
蘑菇背心,4780
蘑菇裤,4781
宝藏袋（光之女皇）,4782
光之女皇纪念章,4783
光之女皇面具,4784
蒙尘牛皮鞍,4785
皇家鎏金鞍,4786
黑铆钉鞍,4787
骑枪,4788
暗影骑枪,4789
神圣骑枪,4790
蹦蹦跷,4791
黑斑,4792
魔法树枝,4793
玩具坦克,4794
山羊骷髅头,4795
暗黑魔法师巨著,4796
皇家美味,4797
可疑咧嘴眼球,4798
蠕动残骸,4799
罐中脑,4800
疯狂骷髅头,4801
闪耀蜂蜜,4802
失效探测器,4803
微型双子魔眼,4804
机器人骷髅头,4805
世纪之花幼苗,4806
石巨人守卫,4807
海猪肉,4808
碑牌碎片,4809
月亮乌贼,4810
光之珠宝,4811
南瓜香薰蜡烛,4812
灌木星星,4813
冰冻王冠,4814
宇宙滑板,4815
食人魔棍棒,4816
双足翼龙蛋,4817
战斗扳手,4818
恶魔海螺,4819
无底熔岩桶,4820
防熔岩虫网,4821
烈焰靴,4822
女皇之翼,4823
湿炸弹,4824
熔岩炸弹,4825
蜂蜜炸弹,4826
干炸弹,4827
过热的血,4828
猫咪许可证,4829
狗狗许可证,4830
紫晶松鼠,4831
黄玉松鼠,4832
蓝玉松鼠,4833
翡翠松鼠,4834
红玉松鼠,4835
钻石松鼠,4836
琥珀松鼠,4837
紫晶兔兔,4838
黄玉兔兔,4839
蓝玉兔兔,4840
翡翠兔兔,4841
红玉兔兔,4842
钻石兔兔,4843
琥珀兔兔,4844
地狱蝴蝶,4845
地狱蝴蝶罐,4846
熔岩萤火虫,4847
熔岩萤火虫瓶,4848
岩浆蜗牛,4849
岩浆蜗牛笼,4850
黄玉宝石果,4851
紫晶宝石果,4852
蓝玉宝石果,4853
翡翠宝石果,4854
红玉宝石果,4855
钻石宝石果,4856
琥珀宝石果,4857
吊挂盆,4858
吊挂太阳花,4859
吊挂月光草,4860
吊挂幌菊,4861
吊挂寒颤棘,4862
吊挂闪耀根,4863
吊挂腐化死亡草,4864
吊挂猩红死亡草,4865
吊挂火焰花,4866
吊挂火盆,4867
小火山,4868
大火山,4869
返回药水,4870
樱花树苗,4871
熔岩吸收棉,4872
神圣兜帽,4873
狱炎战靴,4874
丛林晶塔,4875
森林晶塔,4876
黑曜石匣,4877
狱石匣,4878
黑曜石锁盒,4879
熔岩蛇缸,4880
防熔岩钓钩,4881
紫晶兔兔笼,4882
黄玉兔兔笼,4883
蓝玉兔兔笼,4884
翡翠兔兔笼,4885
红玉兔兔笼,4886
钻石兔兔笼,4887
琥珀兔兔笼,4888
紫晶松鼠笼,4889
黄玉松鼠笼,4890
蓝玉松鼠笼,4891
翡翠松鼠笼,4892
红玉松鼠笼,4893
钻石松鼠笼,4894
琥珀松鼠笼,4895
远古神圣面具,4896
远古神圣头盔,4897
远古神圣头饰,4898
远古神圣兜帽,4899
远古神圣板甲,4900
远古神圣护胫,4901
盆栽岩浆棕榈,4902
盆栽硫磺灌木,4903
盆栽火荆棘,4904
盆栽熔岩球茎,4905
盆栽余烬卷须,4906
黄柳树苗,4907
土炸弹,4908
粘性土炸弹,4909
兔兔许可证,4910
冷鞭,4911
鞭炮,4912
荆鞭,4913
万花筒,4914
钨子弹,4915
神圣晶塔,4916
洞穴晶塔,4917
海洋晶塔,4918
沙漠晶塔,4919
雪原晶塔,4920
蘑菇晶塔,4921
洞穴喷泉,4922
星光,4923
克苏鲁之眼圣物,4924
世界吞噬怪圣物,4925
克苏鲁之脑圣物,4926
骷髅王圣物,4927
蜂王圣物,4928
史莱姆王圣物,4929
血肉墙圣物,4930
双子魔眼圣物,4931
毁灭者圣物,4932
机械骷髅王圣物,4933
世纪之花圣物,4934
石巨人圣物,4935
猪龙鱼公爵圣物,4936
拜月教邪教徒圣物,4937
月亮领主圣物,4938
火星飞碟圣物,4939
荷兰飞盗船圣物,4940
哀木圣物,4941
南瓜王圣物,4942
冰雪女王圣物,4943
常绿尖叫怪圣物,4944
圣诞坦克圣物,4945
暗黑魔法师圣物,4946
食人魔圣物,4947
双足翼龙圣物,4948
光之女皇圣物,4949
史莱姆皇后圣物,4950
万能晶塔,4951
夜光,4952
日暮,4953
天界星盘,4954
兔子头盔,4955
天顶剑,4956
宝藏袋（史莱姆皇后）,4957
史莱姆皇后纪念章,4958
史莱姆皇后面具,4959
王室美食,4960
七彩草蛉,4961
石材板,4962
松露虫笼,4963
七彩草蛉罐,4964
岩石巨人旗,4965
血木乃伊旗,4966
孢子骷髅旗,4967
孢子蝙蝠旗,4968
蚁狮幼虫旗,4969
毒兔兔旗,4970
毒金鱼旗,4971
毒企鹅旗,4972
腐化宝箱怪旗,4973
猩红宝箱怪旗,4974
神圣宝箱怪旗,4975
苔藓黄蜂旗,4976
游荡眼球怪旗,4977
雏翼,4978
八音盒（史莱姆皇后）,4979
失谐钩爪,4980
明胶女式鞍,4981
水晶刺客兜帽,4982
水晶刺客上衣,4983
水晶刺客裤,4984
八音盒（光之女皇）,4985
闪耀史莱姆气球,4986
挥发明胶,4987
明胶水晶,4988
翱翔徽章,4989
八音盒（猪龙鱼公爵）,4990
八音盒（晨雨）,4991
八音盒（标题备选曲）,4992
Chippy的沙发,4993
蓝毕业帽,4994
褐红毕业帽,4995
黑毕业帽,4996
蓝毕业礼服,4997
褐红毕业礼服,4998
黑毕业礼服,4999
泰拉闪耀靴,5000
月亮领主腿,5001
海洋匣,5002
海边匣,5003
Badger的帽子,5004
泰拉棱镜,5005
八音盒（地下沙漠）,5006
死人毛衣,5007
茶壶,5008
一杯茶,5009
宝藏磁石,5010
链锤,5011
烈焰链锤,5012
无 (无正式名称),5013
异界八音盒（雨）,5014
异界八音盒（地表世界）,5015
异界八音盒（夜晚）,5016
异界八音盒（地下）,5017
异界八音盒（沙漠）,5018
异界八音盒（海洋）,5019
异界八音盒（蘑菇）,5020
异界八音盒（地牢）,5021
异界八音盒（太空）,5022
异界八音盒（地狱）,5023
异界八音盒（雪原）,5024
异界八音盒（腐化之地）,5025
异界八音盒（地下腐化之地）,5026
异界八音盒（猩红之地）,5027
异界八音盒（地下猩红之地）,5028
异界八音盒（冰雪）,5029
异界八音盒（地下神圣之地）,5030
异界八音盒（恐惧）,5031
异界八音盒(Boss 2),5032
异界八音盒(Boss 1),5033
异界八音盒（入侵）,5034
异界八音盒（神塔）,5035
异界八音盒（月亮Boss）,5036
异界八音盒（世纪之花）,5037
异界八音盒（丛林）,5038
异界八音盒（血肉墙）,5039
异界八音盒（神圣之地）,5040
盒装牛奶,5041
咖啡,5042
火把神的恩宠,5043
八音盒（旅程结束）,5044
瘟疫使者骷髅头,5045
瘟疫使者斗篷,5046
瘟疫使者便鞋,5047
浪人阵笠,5048
浪人浴衣,5049
浪人木屐,5050
永恒旅人兜帽,5051
永恒旅人斗篷,5052
永恒旅人鞋履,5053
护花者头盔,5054
护花者衬衫,5055
护花者裤子,5056
摩羯座头盔,5057
摩羯座护胸,5058
摩羯座兽蹄,5059
摩羯座尾巴,5060
视频脸,5061
激光外套,5062
细条纹裤,5063
防熔岩渔具袋,5064
共鸣权杖,5065
蜂巢,5066
蚁狮卵,5067
小雪怪皮毛外套,5068
小雪怪法杖,5069
小雪怪皮毛,5070
皇家头冠,5071
皇家女衫,5072
皇家礼服裙,5073
脊柱骨鞭,5074
彩虹光标,5075
皇家权杖,5076
水晶鞋,5077
王子制服,5078
王子裤,5079
王子披风,5080
盆栽水晶蕨,5081
盆栽水晶螺旋,5082
盆栽水晶泪滴,5083
盆栽水晶树,5084
公主64,5085
少女画像,5086
神圣之地的黑暗面,5087
伯尼的钮扣,5088
咕噜咪的花,5089
鹿角怪眼球,5090
怪物肉,5091
怪物千层面,5092
蛙腿三明治,5093
触手钉锤,5094
露西斧,5095
火腿棍,5096
蝙蝠棍,5097
眼骨,5098
花环,5099
骸骨头盔,5100
眼球伞,5101
绅士马甲,5102
绅士裤子,5103
绅士胡子,5104
绅士长胡子,5105
绅士大胡子,5106
魔光护符,5107
鹿角怪纪念章,5108
鹿角怪面具,5109
鹿角怪圣物,5110
宝藏袋（鹿角怪）,5111
八音盒（鹿角怪）,5112
收音机,5113
阿比盖尔的花,5114
纵火者毛衣,5115
纵火者裙,5116
气喇叭,5117
天候棒,5118
眼球激光塔,5119
鹿华,5120
绅士科学家,5121
纵火者,5122
丧亲者,5123
大力士,5124